"",-414.081731062842,18.6762301351533,-6.06672277079581,16.9373087584275,5.71830096612325,19.0373000395629,-0.792986666266661,11.62631944548,3.77176372714714,15.5485062045054,0.871614278644132,15.0862648689712,-2.01407821040273,15.4474494392552,0.845002762331634,15.9559235321943,2.66375281216934,18.9129403758165,2.06164740372293,20.9177600098566,1.53865034089286,20.8569142870707,1.18624306392484,21.1074266920092,2.53919471180253,21.9854982507408,1.39293930331802,23.0274149560679,2.62656960104235,25.7709880082636,2.02072233706693,27.6560457887317,3.27190856169164,29.0618980132832,7.66234824929098,30.1647290304237,4.29902508301305,36.6295115595081,4.97080237267916,36.8610648688273,11.0374757917105,40.277536472612,5.49210368810204,55.0388103697044,17.2543569285339,55.8452510048112
"",-407.293505963451,13.9166060194063,11.6364525806595,18.0416542578571,4.98389936479651,11.8477908628101,10.0377135547048,14.9521537416336,-2.73541772903389,16.9682478981327,0.373941783016659,17.3854653052588,1.08929390683571,18.5922718292719,-0.67999190798785,16.2433014372053,0.655669652685668,20.1400511234191,-0.884216063973886,22.2610806715742,-2.32631304195058,20.5302389185002,1.78050979457793,21.7296834159746,-1.19504932930336,23.4635149398662,0.765597684279512,21.1135189274455,1.92676446841681,24.9926247851313,-2.13333333333301,26.1385715789402,3.8957395505003,26.9023541935901,3.83109613885512,26.9642463008887,-0.15139282110316,31.8391449892385,3.32216058900712,35.982688548629,11.9182551012827,48.4011901931218,-1.9793437603228,56.9120560367941,18.0764344551393,52.6581812001613
"",-412.724086042964,17.5165440457657,-10.0161990989358,15.8870818385651,3.60445637571429,5.31472550447375,-0.192564949586,25.1408221530557,1.98311436359863,18.5844297802731,0.438618153422211,19.0727110502289,-1.11964091614477,18.6920795697623,-2.4838899011705,20.4900586731127,-2.39094737135072,18.1224214882308,5.9902958229899,17.7144276073324,-1.68172902044038,18.9853628798366,-0.0718138464370681,19.7348718072442,0.816081204983249,23.0940107675849,3.55469760009924,24.0542221097765,-0.257179482089637,24.020640451848,-0.580020704133081,21.5918800884156,1.19890778596547,33.3760510997269,-2.85453505037956,32.6762074048503,-0.958831728023556,35.2060714196029,-1.62274595795276,40.0808751804021,8.87630621328849,53.0727809105509,7.08522638679578,66.6814901191923,3.18152048742298,62.5729596019736
"",-423.434396755336,35.1026803806321,0.256107599658021,21.6819612164985,-3.3332594024094,8.34624753516832,-7.42362133809676,12.8649731579731,2.64194089431139,15.4904112719742,-0.00351873851017208,19.8761551535765,0.327475792145254,16.9969376570023,0.651687057495316,21.2031650950552,2.83271878321336,18.21791013284,-5.0669164096106,17.2115442238245,-0.918849468790911,18.7241854366869,0.686879315931841,20.3908845961509,0.501769002451091,21.6159940784594,0.476523801967109,23.9910938827938,1.38708001320532,26.5832570719415,-0.34518058426627,27.849152237562,-3.3495697765522,22.7581666113427,-1.39055208043548,32.5818411569759,0.825207676751852,32.7323336199811,-0.141171627532563,43.6581986906283,2.44387026522313,49.1562568071884,2.10027369517214,57.3456707292179,-4.56531588724891,73.6685008139443
"",-442.290577586978,27.0261082052625,4.2158666866964,13.9205345594649,-0.0957206738908361,10.3280645895263,1.53809619096129,16.2802725083825,-7.93636969063165,16.0306283334093,-2.81222524940177,16.6290024439388,-0.836978631554977,18.6544579086756,-1.17473096206147,17.6808210678925,0.890705577737909,17.9523956098496,1.33555248468257,21.3588294319328,-0.0838292980382277,19.0552436930055,-1.12785044268,21.0662541348701,-0.533554377461452,20.8769857338967,-0.821161750754977,22.143129176381,-0.289846074535806,23.101283735231,-2.75182654679951,25.692154134262,0.778745988236135,29.7297357435616,1.1229286289054,30.9030276026862,1.15658928564904,36.1268912824737,-1.46117857892542,40.6633924277286,-2.57371133180171,41.4744151802673,1.48357247740158,50.9632295327372,-2.37394137405776,77.0993710143583
"",-451.492393832818,16.5114721165568,1.24029482400432,17.8433520967168,1.72581433877197,11.577083123298,-2.97110093209671,20.0125556977809,3.64774299270629,21.1235872136317,-0.933809595346581,18.3855465694273,1.38668912491112,16.6677290581254,0.357548385929493,18.1458082858159,1.64565926140676,20.557673143329,0.99737629912746,19.581122899063,-0.420596415728332,20.6589940065792,0.0655857522912978,19.7370528985633,0.813194601127002,20.3227294754747,0.69222042081395,23.1390227008757,-1.0702051139997,24.4373846308922,-1.58443754306628,25.4617272365287,0.428057780158376,27.8266832865646,-0.705708127094329,30.8053544199865,-1.06365100286828,34.3204264753792,2.44520918861617,41.0914750926302,-1.04047626201315,43.9449299853879,-3.59150802844667,58.1764520379859,6.57279519912476,79.0690884781504
"",-455.263629999147,22.1185709715945,-0.877426752183667,17.1736210127786,0.986188172636367,16.229381944817,-6.52344870439915,19.4109057362628,-2.2025881689663,16.872991193015,-2.49383740016698,16.0889137767938,-1.16459993166974,19.201641418164,0.388167776861111,17.6512195157404,-0.382055120248226,19.3362149688247,0.136497568412485,19.2673566963545,0.136444728863073,20.1528768178302,0.442396610775313,23.2549178053614,-0.333575192531903,21.9854982507408,-1.19134744456858,24.8201810723272,0.758221418164835,26.1201673343847,-1.14220841946623,27.0099177981515,-0.244619635580205,29.506426042133,0.589956059651448,33.2796413498833,1.07186399316004,35.5676317377248,0.694709731295249,40.6047249566644,-1.32050406683359,50.5631869466337,-0.0762663991945464,61.1213820838045,1.46799208359044,76.2399064696179
"",-458.733167272169,19.5401671269864,3.39874745229791,18.6210043872988,0.759915643234567,20.1832542337451,-4.10650138388671,13.5601448983743,0.681392917762152,17.5417740654246,0.714498242743004,15.8394999634088,1.10701143752532,18.0371388765025,-2.47142726464718,19.3518538398713,-1.90798019784414,19.4340641193552,-1.16776161684591,20.1569008308236,-0.374771171034152,20.8293803452628,-0.391173293199997,19.9200016301101,-1.55478227101266,23.8330191121476,-2.65301446927096,23.2397729418371,-0.55693758407825,24.5002183434281,-1.80738900373286,26.324585560223,-0.480555418442082,28.8812438062099,-1.03363349783399,31.4411102787237,1.0389450122687,33.6812159921489,-0.0614316047194975,40.0101439725926,-4.88025906058999,49.4565141827034,1.4220581677049,56.9139090214479,-1.769725563925,77.5713462108291
"",-465.823091264866,23.2786052000296,-0.739864310409157,14.2382211229647,7.26949488817221,18.0876416566876,2.77182004057171,18.1594365681882,-1.12517390724732,15.7362660206241,3.18475375298951,14.5579418696972,0.152389975978674,14.5199025207718,2.04475903395067,19.9718367971026,-0.0703176161124702,17.7760535715732,2.13785559593291,18.4215026899358,1.20328822769608,19.6420591963209,0.85772532526635,20.7219572591548,2.55325664858408,24.0177711982882,0.734312174018338,22.7436371676539,-0.146195332960862,23.9080814952307,1.59405567040031,23.6792222079045,1.77343766192508,29.1443966329826,-1.9810513968683,32.4187896953244,2.79044071830732,33.8059912879948,3.7531431739717,37.5596681026634,-4.10478155780995,47.987767841392,0.889478994375022,59.3837453978057,5.21256942840804,80.197636162552
"",-469.8960263245,18.1674897480829,4.52240133247415,22.6095062992584,0.886738292424844,17.2951609985623,-4.15037335288021,20.4245379898625,-2.43966063835333,22.0376576865925,0.511861776162013,21.4838365309189,-4.02909759835404,21.2837565796987,2.62629230881421,20.0084263278021,-1.73470943797526,22.3123666650525,-3.64614990553811,18.9196683567454,1.07798763674121,20.9148801132519,-1.97893536694086,23.5889972112713,-0.639171909547355,24.2025232844289,-2.08205794529118,24.9758705188559,-1.47917253386058,25.6381495599359,0.771847250933688,27.1038228180415,-5.11007899482105,28.6998603648506,-3.21727522391852,34.4173159075052,-0.753834036418107,38.8015769909502,-3.32322131624212,36.9325460091665,-3.13771494290434,48.2995167134458,-0.655556632616386,61.2542061014204,-0.339751756757627,77.4163504715213
"",-465.52139237156,12.3956947164209,-0.673236426859095,17.247311052893,-0.843580652431033,17.0358988049958,0.304530091610638,11.6158720223053,5.11404804679984,18.1918907744535,-0.900609578092907,20.1531640432363,2.45338304450185,20.97130665346,-3.7768083818698,18.9390817477047,-2.24437956749135,16.251537335338,-1.84684836924587,25.2084468571101,-0.952149082654411,22.0682672976658,2.32383459134621,18.5080984196319,0.464795199912979,21.9854982507408,1.43877757801615,20.0731306464624,-0.554912298633331,28.1765551775081,-2.02439613479941,29.0829444563081,2.01707581793569,26.8415486504655,-2.3916813263395,34.5871421496783,-0.616513459277686,30.7640194663083,0.919777172113985,41.3351912147658,-0.505067825292879,47.7961934365683,1.94099938439798,59.5085400334322,-3.69536376258982,80.9613080722887
"",-462.956951778456,18.6779870256433,-4.01753092718092,18.652502450984,-0.0801474332213668,15.9771974069882,4.1582691502666,22.3694815263325,-5.15970321365083,14.5487649556187,-3.09747463547292,18.2911754917499,-2.62249869085484,16.0257865487635,-0.583912630278412,19.9718367971026,1.49861937285879,21.6439326881473,-0.027525164722794,22.8763133756438,-4.74706777114273,17.0895241765397,-0.727120371218877,22.7522251031434,1.5771831780684,20.692233647756,1.09298991415233,27.4828748383944,-0.0279283644221461,24.503148292691,-4.0295560149326,24.2814481028059,-0.87701646234206,28.8196270664561,1.94173139637814,34.182918047956,2.31292551495978,39.9312677051732,-3.95021226121567,40.3400248719785,-2.00789791640642,45.8832444923885,-2.93081136442239,56.2599686378929,0.0865094045133033,80.197636162552
"",-457.82807059225,10.0886819185858,8.97138639848365,11.4933258169629,-3.11643481148473,16.8672197603337,-7.77898293029698,20.0556802453933,0.279355787177555,19.4811195369989,1.29666296929559,17.5165967249611,3.60481613932679,19.0859580005855,1.61004772932571,20.1451273017602,-0.89927563218905,22.3258229654006,0.662842820449557,21.7045683869328,-0.281843700589257,14.8624712127335,3.38152157593584,18.2492438969674,0.337633815534486,17.9209523556458,0.0985820823477555,19.3294463427687,2.31270808679014,24.6584841225134,-2.07702783519962,26.6335851520892,-0.887471553411538,29.1450545146203,0.33020242530917,31.3450995415655,-2.01481072911469,33.3360206884797,3.63975430895439,43.2484666559272,-1.37962182470424,51.4432477393206,-3.25503050134974,64.6824580070933,-0.123051575540262,79.4635658049674
"",-455.263629999147,14.2951802569627,-9.50734395177043,17.6107022722731,11.1183839566592,17.3892802415872,-0.343857245307237,17.1336036494123,-3.72229233475628,21.7697370569948,2.65421545823486,13.3995995888538,1.48657098639022,19.0953516507108,0.918493757612778,21.465260256169,-1.22917558181489,19.3493002433095,-0.166951476725209,23.4051969075336,2.10790031828187,16.4759883626889,-4.24462095910863,25.7850996044456,-0.92829114273513,22.1702503368814,0.661928520362908,27.3484571863414,0.222011273535368,22.6386111143488,-1.51484011986643,29.9335438637261,-1.00841781212793,30.8956662895165,1.33826993401939,32.3445564206698,1.70141645338784,37.2051057701721,-0.421874752018008,38.1683412166459,-2.71759038443152,50.7540099596268,3.28088869933664,57.5577238002301,-2.64349704109178,75.5128240905807
"",-455.112780552494,26.8061107908932,8.18048348706057,19.9685028323346,2.64386885286269,16.2006142153374,-6.35623413709422,19.719590707401,4.79012505227255,17.7828491719495,5.02830632819715,14.1406409081641,-1.92766488106367,15.4095321748356,1.13555003425472,22.6164215141752,-5.32862126501581,23.5235221022713,-1.44133605849845,21.6085498951264,0.615268911936719,22.702243788498,-3.36234019362067,16.816483177071,-3.68750114665165,18.2904565279272,-2.82090492127059,21.4532025709939,-4.64400467020536,24.1509044441273,-1.9881941573332,26.9159269370112,0.458582393965548,30.0276522332188,-3.45781381733203,29.0182584272743,-0.0435794246690793,32.575862344255,-2.622663230597,39.0649252543974,-3.08570793393581,43.9465278824455,-1.71631953486703,61.4110880488938,-6.61918309738893,78.1870103598054
"",-486.942013796304,49.2830896223043,-22.2191710177862,33.2900139050458,-4.96986294559162,24.6531684339765,-5.68292781831632,16.9290018738575,-3.98771223359532,18.1467038882017,2.93200245718385,22.4284111554637,-5.3173614580987,21.5619334025038,0.748905890462341,26.767386115079,-10.0902795990594,20.7432663436901,-4.37641591795634,23.2498973950139,-2.86628712850549,23.1714418486827,-2.23448306124534,27.9752811646819,-5.5174379903043,26.7890524903984,-4.53056653275369,26.6394447211497,-0.507433047361238,28.1256090222232,-3.1148401198663,29.5937721057311,-4.35097919571221,32.6519984344487,-6.47689105393935,35.8926201190006,-2.12461658548849,40.3944698508281,-0.103213152115046,42.3050457071812,-1.32871987988272,52.2044129289061,-7.75472229854492,63.5168428195416,-9.96714046232171,89.1641453631678
"",-463.258650671763,6.86723589476634,-4.902947345698,62.5520025665979,5.41985720705392,-128.896614376056,282.985620628479,-290.838822529575,199.828686152359,-3.97957984565071,-123.479367708903,196.640989556885,-118.621890718222,47.7275520545804,39.3899548117024,-25.3754830582992,28.0536955986561,3.43728743098292,7.21128629310256,11.158036831953,-2.86005115062299,35.5102010130155,-17.6116760073573,6.49458919534435,48.3696845351593,-49.8830632579838,56.7225337122411,10.8329172424987,-28.5031304821201,43.8947203774562,18.509765363871,-30.0321300460848,46.10389804108,31.0115258753672,-60.521562108713,91.1641865364115,2.68486003085563,-54.9823997658954,134.438902790984,-78.0380656674046,43.6627095629517,71.7111946918624,-28.7174506986502,28.0182776601822,86.9606706232605,-8.39277292292306
"tap",-473.667262490829,24.4983771790104,8.44024020602705,-0.614134129400856,-110.726072987626,-153.716326397944,162.321242427055,361.347636852974,-55.1599948791066,-243.55025842146,-123.88100629196,126.59043034963,127.75553104631,58.2429199054479,-45.8722466507514,-28.0819400499687,4.67558718868201,28.3518342007595,1.09807222766992,16.4817095049038,-16.8566350918569,31.3668556557321,37.0879635535554,45.1209771130495,-18.4323299246929,-42.3082277262158,-25.949120220455,59.1064294857192,46.1070966642921,53.531401486248,4.59360479467222,10.3198953281911,-51.2325503818614,-27.7307526937603,5.89272189969013,109.545075517007,91.0290601746361,38.8933101698215,-98.2444582172052,-47.0638631486839,-1.82239577650361,151.576227134355,72.3303069636421,-17.2422117110435,140.239183698364,1.43053165213975
"",-529.179858859181,-62.7710381172364,-72.9927038335142,-95.7699898208015,-139.679552869431,-162.801276658761,-214.297847402771,-115.903877614266,-51.6506733009998,1.52055153451395,3.55039508956418,41.3499233635777,37.5893073150311,52.3938789959028,24.5076820428566,49.9003798673021,34.053500075533,61.8188582179677,35.1534841368115,49.163326846929,18.5842313460586,39.3275951798605,16.4611550766384,42.9758366189971,11.0528679859913,26.6043004042578,1.89509904499909,35.6158783694909,12.1737163165205,43.6935427063533,19.3938923449364,50.2639244164787,31.1750911917304,63.5260128438015,36.4598780513187,68.6779794960496,40.6758398869395,83.7695110957047,59.5979004550614,99.1231563889299,56.676544152895,116.429512516828,108.649643657897,260.705826659414,216.474359781472,134.30401367457
"",-456.017877232412,12.7882681727528,9.20653824257153,35.9912235507103,19.6402169886455,40.4666508400288,-2.33335285571403,8.30535812100714,-9.16591889643148,9.80862908114999,-3.856738732452,15.3578200754991,-3.41618542634798,18.8855703130209,2.56494120467087,25.7173558326614,4.18628141441008,22.2027579160207,8.3306634171454,25.1998298175494,7.75916931443809,25.951674879441,9.82706085441738,27.9381400351556,2.52519381152435,30.8535983854934,7.19054434322371,26.3847320139883,11.5414735112741,36.2973072155691,8.69630549813371,36.8676227877188,8.81938303064716,43.4905223895696,11.3874612773805,45.4902918400592,16.2619822418878,53.0902791073482,13.5862647420141,61.3912659810629,21.5423525932806,74.2936648620571,30.406231846642,88.480748727916,0.99375763286001,66.3643867687974
"",-459.336565058781,29.5841249270514,-6.12827904883804,18.7515152052148,1.22409113894522,31.2819990216699,-0.645256548959549,16.1493948638103,3.31892933772424,13.457771881404,1.30276235811878,22.6647663296987,-2.79820548296413,19.7144527263419,1.69149381681838,19.2813439487648,2.11516932164086,20.9838891737005,-3.35364486734737,18.2851251249384,-0.0177417087141561,22.1645955054969,-6.98352263406783,20.712204886364,2.02804559557181,23.4635149398662,3.51752747930709,29.5678032787345,-2.27573799135307,22.1847873870929,-1.04515988013286,28.9907125236217,-4.04627410004206,29.3352553109403,-3.76128264803264,30.7978361658196,-3.82253854145389,39.709221045022,-1.83878729922476,42.2015715328198,1.05463031318561,44.9713071878269,-6.17669690472119,57.3691065281418,-10.3229203161706,73.6023097310927
"",-477.58934810381,34.0708751009583,3.15291704234902,16.0996635968643,5.21488517689664,22.2503322283601,5.71172242031479,16.4667735326536,-7.63652732036666,16.4523104231618,-1.21399855086683,23.1047186295398,0.228511720966801,21.8662473522031,-3.20837386177748,17.6555383239953,-1.91264904972631,20.5626681062358,-1.91807893555362,24.3510101693975,-2.63758162682409,26.922428742397,1.96582763697556,23.4085690949411,-0.736367839382482,18.4752086140679,-2.09019905041318,23.0904449617112,-3.33494703503207,30.0783134420937,-2.35401426213264,30.8627545168106,3.67424440406439,26.784783089267,1.14173193835995,32.2703627505976,-1.89035412202304,35.0390231861353,-2.97903770913923,46.9669862477074,0.760036415399782,48.002513623397,0.177374942218768,57.5692227016724,-7.04531347644153,82.1307640956446
"",-485.735218223079,13.5401762043259,5.63745255933521,22.4258838352279,-0.808832717434106,19.3409824569195,-2.9723550560392,22.3735185839053,3.15848978989753,18.0351668091855,1.05634206056054,18.8308002330574,2.08302606130751,18.8147442041123,-3.21476004548651,20.758122280444,0.825990915150586,16.8715680600085,5.18810844897281,19.3418741365319,-4.39686653747201,20.3383375080873,2.17599965225701,22.4035060692745,0.502665908707388,19.5837211309119,0.0261157049605657,25.4978788330576,2.25051896704866,26.9587954115281,-2.11182654679952,22.0879477545549,0.645895342848754,35.8468706934071,-1.52629327985598,37.8350738014186,-3.3790641448383,39.739109148365,2.3546323516007,45.0750641034949,-2.34737314543935,49.1914602804111,-4.80828585413102,61.2018358237914,0.570652101382528,85.7306059924612
"",-474.421509724094,7.83757486420801,-0.780387943024596,16.3279185439681,-0.110120740486882,19.7915372687528,0.601557316958792,15.4538770999402,-3.95390849878916,21.3042467701595,-0.344708727010597,19.3641189301688,-1.44002132856248,19.530224005046,1.65993254055707,19.9648488185552,8.14818232993472,21.3463670348872,-2.23315311965739,20.2694957434645,-4.64000707088658,23.7235774639456,-2.35139914436487,24.4968713440071,1.19690667625241,22.1702503368814,-1.3728494647477,28.88741441291,-0.749141572429104,27.3149911543797,2.46295146066699,26.4894726031898,0.410673330045655,22.490950961749,3.45934272710027,36.4070753868469,0.311007805832006,36.4709427875494,-1.13642211376643,43.4603297195675,-1.48324334874389,51.2537561581616,2.05716638877976,63.5228019894184,1.1835286973447,83.838386398323
"",-473.063864704216,21.2226544592967,-2.79084829670594,13.05396066644,3.44941510852019,21.1486314809198,-3.95261182893562,22.4567201114235,4.959833667303,16.3992307648244,0.753607360234569,18.3179291531705,-0.239776308178458,19.839668194912,-2.54844167443834,16.5452854049435,-0.572076847327877,23.8096417293992,2.95182630359034,20.3403203102748,-1.78654059830091,20.9874451884559,6.90674782700864,19.5775831970793,0.638548926417946,22.1702503368814,-1.56920031400936,20.7928152592866,0.858894460254234,30.3724945411096,-0.354798711599567,27.8113601347042,0.0195967003654579,34.1020062311364,6.23513153620403,35.9963965935871,-2.18961749709422,39.464718038716,1.7008405141647,41.9910782172588,-1.72490655736527,50.5336112518843,-0.747060649665266,62.8691075960879,0.440295307439012,82.566149761416
"",-476.382552530585,21.9199203813592,2.67522818955935,23.550039362368,3.89596108478901,21.6915285915031,-1.93889687459503,14.4677637831234,-4.2415195625392,17.2606076977817,0.924326293985189,20.1535765058111,-1.9833847008536,21.048935334882,-5.17669768107951,21.9458730691497,-2.25786623311176,18.688015159707,-2.23409814417685,23.13824217425,-4.21357937858635,21.0930558265868,-4.94066276836018,28.0006662397578,0.517839217930724,28.6365733518053,-0.588818606655376,28.2834378116656,3.72244025338203,26.0681402010569,-2.27847250933276,30.6608054321953,-0.408854882781454,32.2544083605726,-1.579970289756,36.5911540404895,-4.92369551947453,34.7248996979948,-1.31942204211975,41.3822658818537,-3.65272224534811,51.9945084759098,-0.444050302018821,62.0843607246518,-3.48001949007804,85.6235065706552
"",-476.684251423891,18.1877799084042,0.719427031805225,20.0367873948939,-1.41951923517483,21.2167501215601,-0.475710635953523,19.8370428664941,0.716939899656248,17.6435197951739,2.99427860964515,19.8089882473166,0.524370926090996,17.6242768156323,-1.79587045368578,24.3875657294127,2.08206161908778,20.7949990650365,2.85977339169322,20.9353837496148,-0.845453278102332,21.3668145109703,3.39672234440352,21.0405533244518,-5.48758323408295,27.5280608349612,0.845012986801688,19.4401860120128,-1.28769902071074,23.9621806899657,-3.06588221719941,28.2907099126192,1.99517703748779,28.5785010015997,-0.418661412849151,39.0117938620066,-0.690326036913791,35.3146150250794,0.952687718933664,37.0684912282479,-0.0486935551547559,48.7084723107507,-1.14944119548051,62.3914516800236,0.899568944773192,83.4874865807529
"",-478.946993123688,19.2856826469529,-1.19219008790918,15.2339836623225,-1.46583732348977,22.78371161263,-3.86688447901628,19.8623671772889,-3.49764047274216,18.0915512749278,2.89851991967725,18.4014226968086,-2.38630370235917,22.0927562678516,-2.82726752751155,25.7416190442286,-0.0401379117721742,22.5885533997611,-3.92925334849627,21.9984948998776,-3.08416188904466,20.3318823881797,-3.8290319643398,22.0255463892331,-1.38697448680227,29.92983795479,4.72747296476732,26.1307225706125,1.3695761709575,25.4677148913698,-3.30439613479941,29.7695424599911,-2.36282388249032,32.24380000879,2.41175560298391,38.9789800758916,1.64859759690633,37.8699630169951,-2.05536163449814,39.3178850766621,5.19622868367702,51.3254789752049,-1.11449433785723,66.5374118918237,-3.94799899402941,86.2870670371334
"",-475.930004190626,12.8761882805916,2.09531455664594,17.9156878439621,2.04901552512285,21.4280142042205,0.933420479004282,12.1754092036135,2.34914735726394,19.4997653315195,1.98744354456415,20.9776701361263,-0.350985623418546,14.1308042004854,0.117787894880171,22.3333624174192,-0.132158084901801,19.084102181363,0.537118817902034,23.6182942141249,-1.89279241001691,20.0855160143371,0.90418117308054,21.5218019703329,-2.12943611008009,25.311035801273,3.35557874467538,24.2526311639432,-0.79059263375081,25.2928486159877,-3.15698642693274,29.6027690921236,0.898142596986819,31.2811278518523,-0.981525930160922,33.2588212624845,1.71518869750244,35.6382565857908,-3.65181673734002,45.4252380055345,3.31553418123067,51.5816388955696,1.047447568432,57.2918286499349,-5.22214919774734,87.264937790482
"",-472.30961747095,16.9742220824595,-4.48966074048236,20.3896359536144,0.906817457619895,19.2526123565839,3.2466144218256,22.6208247045914,-2.34018012611217,15.2144597249739,1.24680734768845,17.0364591602888,0.471360162064058,21.808724614953,2.96252840331776,20.9357315933565,2.0365996161659,19.7813992666113,1.52308465638383,20.085421535899,-2.7709414319128,19.0127732323214,-1.92311208627671,19.4771191657704,0.919584207292773,21.8007461646001,2.31476932567727,25.471596695346,0.439922170031632,24.9378015077246,-1.67327122093269,26.2187128698062,1.32323186063832,29.8686329400342,-2.48868273364856,35.5373498551009,-1.63575445236583,40.2937453318907,3.14093940825003,43.3642266840384,2.98232839635506,47.2546319582783,-0.498477625459348,64.3780351254341,0.297091615175708,90.8873932609033
"",-471.102821897725,18.8490908834276,3.9303175901593,15.3148535041777,-4.23417329782961,19.9800566860191,-4.48472962620088,16.4513384020226,2.79288190074774,17.9766876032955,3.85616324761948,22.3532676121932,-3.69287639467421,21.5353102288746,-0.205779819645379,17.3089573146802,0.881647192703099,23.1757603548338,-3.94543294515632,21.1946193886692,0.677660930584396,16.7437201792442,2.66361492969305,23.8210756682385,-2.8906789456348,23.6482670260069,-0.769821816233706,22.4148605676682,2.70702861078749,25.4560676547096,-3.87847250933278,31.7704179302597,-4.3219695071955,28.0250855037156,3.06926416637116,35.4869726926643,-0.920470119317323,35.6022320261628,-0.133741502135528,39.7233564473966,5.31242733748609,49.1274619978682,-3.36744526050102,60.6264316778077,-2.12033723016534,83.5989048108139
"",-478.192745890423,21.735374608144,-4.96948089880164,14.3269530158486,8.15344368930903,17.8685217637186,2.41482717807092,19.4993279057603,-5.59115403498063,17.1939467876971,2.67863711320787,20.9030200626618,2.18874197769944,20.0343930584527,-5.25342907049496,18.6177834822867,-3.18069771068774,19.3473360286066,1.60457368924199,24.0593576292301,3.04601576773545,18.3018033764474,-4.62842029740214,21.6087168108252,-3.26898769756964,25.6805399735544,1.78660989695602,23.71027846295,-0.0676239696219314,20.66587918228,-2.84887508613291,28.8621850366402,3.83734838648726,34.1248890549925,-0.522913320786593,34.6396936302031,-0.441410234893612,35.5374598062018,-1.34791120224149,40.8747792025688,3.18084553267458,55.2241822076833,-4.02534812740146,60.2233864403818,2.46145571034175,77.3980557061715
"",-484.226723756548,26.2503314912851,-0.520225758355919,28.9098131640789,-2.25079896198441,16.4622721535055,-4.93882563382592,18.6768330712367,1.91087510132702,20.7102787319448,0.827927231119132,21.9973373294764,-4.07461652009602,21.4054770594177,-3.36358803311943,25.3358349306093,-0.228668747223499,22.5824651812293,-2.40036660877972,25.7737463472306,-1.41566042642254,24.6456518165458,-1.6376786021285,20.5160061580817,-2.92262980243342,25.865292059695,0.6731923341198,25.0137765907457,-2.95767287824186,26.0998415713488,-3.82443754306626,32.4289943721131,-4.313489442143,30.3937514469205,-0.688991800819083,36.2488352972258,-2.27279778588233,42.2894091778243,-3.83644404027796,44.2113529433493,1.98342757565233,54.3357305848152,3.76845614408842,69.7088353542577,-4.45173498016903,86.0362786628219
"",-520.128892059993,72.2808522965742,-63.6556954527981,115.58948803483,-151.541201933811,207.555397955509,-204.977916906823,198.418102354271,-122.231155270978,57.6183859990285,32.2875568879387,-57.0988772637076,87.2807549366035,-39.6558927107067,-1.01516496322058,93.0573336112121,-132.41360049118,190.043765505135,-162.807695567731,136.660446697026,-31.4450054173342,-47.2711325571377,150.358611397598,-172.928470586297,198.541226343746,-130.619724901462,80.1099367016156,38.1399638284539,-91.8529618424518,168.244129601003,-148.574904539869,138.334126579289,-35.5838771248068,-3.53308539521922,94.885963438866,-79.4330918938097,89.3815203219724,6.74993100790494,-51.2672339879161,175.218138486069,-176.862203860724,239.067683903102,-149.031465359995,129.947853118136,26.3149273239252,-11.7437167623241
"tap",-570.663456688791,75.7704638573409,65.9134378232605,-110.953057422671,-92.9410142122091,365.367836520018,-76.5479469509887,-305.745626331014,184.301437252542,101.923538315732,-12.1483170082152,14.5977785574102,-97.576226927012,-11.8234485842,141.421442275258,111.395506020431,-166.725148342198,-71.3855749669168,100.058961635145,153.683085955655,3.86928320587452,-165.538364475348,-83.7739943037899,237.09289535191,111.399551574304,-142.259106328324,-166.275641174324,163.17007652129,158.952395762288,-49.1810649856358,-101.732675416271,-2.26889671070463,43.6731552221512,162.235698136043,-13.6799322959927,-99.5407209599748,-74.5398678740028,192.09016009027,123.101562573167,-79.8542560729023,-132.142908678483,121.478563625438,49.1956233373107,241.634199736703,-174.389773253965,-65.4605658614139
"",-538.683373998328,-29.0388475511143,23.1727959150042,100.902373901291,207.884949841972,361.57656785063,371.676197478878,175.587860550467,-33.550495821908,-60.1014687708213,-7.93040853017803,67.1918165298628,89.2733450641455,117.048895411968,108.514611852232,110.919842121337,40.8081887466656,16.8772352919477,-17.1750698678401,21.7531571201254,6.75597031813932,12.9186535844815,-56.9298152402372,-94.2154480268879,-145.980219985999,-148.725429343248,-187.392502445977,-185.198977342663,-194.980092837408,-120.126235974444,-93.1489809144038,-41.8971067239044,-86.0740460867486,-86.8023069035934,-128.84408534499,-104.655493793583,-147.967566417263,-146.525963032,-173.551305670568,-128.904637761389,-114.599881728577,-12.8974633508626,-46.4941437430051,-118.657797429566,-250.100897125844,-29.3038518780159
"",-505.194796841333,-40.0030759100692,-39.0066312672659,-10.0350384155274,-23.5169939019667,-5.64340369506193,12.1534225427279,37.3901825543372,17.3653695955991,38.1429553636334,15.7218543613608,32.9198260497685,5.29607236325479,24.1637645521966,12.3810859339704,24.4770004915015,0.0224701271212707,21.1369337950705,-0.68089428262692,18.3437312838742,-7.40527404978199,12.4436601116424,-3.45840114564881,21.1166148138114,-7.96324237129821,19.0294648724899,-6.70974457594475,19.7889892702797,-1.688431131395,17.5808616633633,-9.12945249426543,20.1944982931117,-6.54795672967458,20.4692525677576,-8.76130407049334,19.2173971501249,-5.68575319444736,22.8086572382278,-23.7095291246773,11.6894089276344,-30.6082169493042,15.6831546893326,-37.4039123181026,18.1776863384642,23.8238143593234,126.442419052421
"",-463.409500118416,15.1821778784249,-6.90131544130367,14.763521592953,-7.30620941966833,3.38668052525444,-1.04451407122232,17.1290632717626,6.74864968359068,21.001062401824,-2.82330423301684,26.3381259591499,3.07542309443584,24.3137497042865,4.04300815499257,19.7070724656964,-1.84599038132747,17.9140569247246,3.44100600317948,16.9684021049226,0.344703223644399,20.4920592766528,-4.67081347110207,19.0507977515491,-1.91777513142238,24.5720274567103,0.71342094763865,23.2077681101302,-3.61895321159834,22.5089946762919,0.400082816534093,24.5073259835715,0.29207058572219,30.6811555078439,-1.85921905104149,29.7708012564007,-2.24126442048635,41.1090225173436,1.58872340219019,44.3044775489667,5.03436312271607,52.1451849796246,9.36683062722354,79.2110874306653,31.7294027845303,87.8849207477133
"",-466.275639604825,24.9867564101728,1.22016805181668,16.1495268812592,-3.51788848864787,13.2490024746759,-1.94570798958068,21.2062473277965,0.126592000890564,12.6940944699075,-5.42214523825656,21.0633962131256,2.87069065454808,20.2692998494869,-0.478461945912873,21.0002730382456,-0.162261201024705,19.1817090710715,-0.863879085816041,15.4811554958243,1.37061948416887,27.0455926761992,-1.20869392660253,22.0258693831396,4.4235858044348,21.8007461646001,0.921686714074785,29.0633987999451,-2.54039187661049,29.9009704647703,4.27628479400031,28.4072873816124,-1.10977755389947,30.9884139021421,-0.376591644392832,34.1154241815325,-1.78635638571772,36.7423747880716,0.745262780164772,46.322502093935,3.79927873174331,54.1361921266273,0.500501832178544,69.0143837594836,5.14300837241576,73.5431066267884
"",-474.270660277441,21.3261607620151,-2.49359758297897,20.1713895792194,-0.480356513886939,14.5719190981107,-0.793163385475719,16.3632197893628,-4.86487659098837,18.5233453109844,-2.18835634704347,17.5058038205949,1.30918127818906,21.5056090917353,-2.03001078033592,23.7196864546796,1.44861944439238,18.8899301301702,-0.035424276166124,20.0725564801803,1.63786186243101,26.5752201073969,5.65590904335133,26.1170558273072,3.27377476297435,21.6159940784594,-1.90538936290821,25.1430254501385,4.42734826938653,31.7809814284297,2.69184725093367,31.7701604375005,0.404434397248859,34.0240386356661,-1.40703607768201,38.8935913509102,0.892062692016216,38.3612668547372,3.29370074257292,44.5483090728176,2.53977569788993,52.175798258126,7.96210050072881,61.1431868134305,0.883080760400151,81.392374929805
"",-475.17575695736,18.5715668797343,5.44692588414861,15.190931347051,-1.0581461895301,17.2348004732716,-3.51005582266961,22.0607940549549,1.15064780510719,19.8593709809457,-0.0377151197317239,18.1758040252806,-2.61759307426095,18.079892644899,-0.572937573557734,21.5104874033784,3.12918267737919,22.1337734090639,-2.52621120856778,22.7104885622545,-1.26147854062994,23.3397036472676,-0.61345884027036,25.2469938035724,1.41188427297098,21.8007461646001,0.181595586206215,26.0773127068529,-1.44030473310553,26.261588691228,-2.29403496626615,29.8676345366648,-0.664103981450072,29.0145683944659,-1.09380662936366,36.4650573670005,2.79640932445345,37.2645721016041,-1.91826487581231,41.2110074219297,2.8807573896015,45.0942164908846,-3.74947253641667,66.7619741618692,1.39840326660094,84.5132536516034
"",-475.17575695736,13.8296729352769,-1.87721939098248,17.6770791296746,4.25162778729398,19.6651381668628,-3.68363150687589,16.6308161991444,1.14580176979548,16.1501704223234,2.08502395555151,19.8649032309462,-2.71091237515973,22.5188136516703,-1.94380557804449,19.4266825392328,0.445051627207092,21.7498777239852,1.43915998249032,23.2645122893141,0.177436922529269,19.547978234986,3.69246567075327,23.246841766145,-4.09257497706249,23.8330191121476,-1.89097317831012,23.6459453351296,1.13488807489816,27.1091701355418,-3.00957671906607,29.0081553439329,1.0335372509454,31.4485265732505,0.795675199458919,35.892284538319,1.15925278909947,41.8658145119114,-0.842602500344045,46.5933008441508,8.87235084688459,48.6636454692791,4.41892724734011,59.8680182538693,-3.62530678562767,87.4312403165922
"",-474.572359170747,23.1126577870462,-0.44840841223447,19.6954816399905,4.5225617182829,17.4381233834466,0.776480812173984,16.1074347690585,-1.0676867772715,15.8147933570772,1.56747859709902,23.9193035645926,-0.878221885560143,17.6882067447611,-2.28991450649444,20.226943979669,-1.41397586996372,22.3215006580149,-0.947969382443041,21.325292100303,0.0901458882857807,20.0547585135725,-5.80497682877494,21.704894393905,-0.313740691981137,25.6805399735544,0.51419506800519,26.6624600267457,-1.28304192757513,24.103053095739,-0.684416838932831,26.3248026226996,-1.27036192465734,32.2250028843434,0.0266211399249689,32.6823062198953,0.229045642276862,37.1538804907128,-1.21756285770201,49.1234263773102,6.57854139856558,46.5288051796823,-2.88601390656195,61.6951452232885,4.59933939295568,85.6827096749594
"",-477.438498657157,19.407189951986,4.68771331101245,17.9077304958863,2.96587371658224,12.2667093096512,2.8522357865361,16.917241043894,-0.200720033608779,17.6893343500571,-1.94581814400726,24.639688505603,0.00930006593700185,21.6318575910535,1.03012158177184,22.2811472916625,0.446703924910558,18.566644930053,3.05610112529794,22.0767014471052,1.2098220193656,25.3381072814843,1.95125434579228,22.4162635341636,0.545441719977743,24.756779542851,-0.582491898542399,25.3221502925795,-0.345737836678677,27.4926174484889,3.16520128840043,28.9324108805679,0.833169506088781,30.9254002121367,-0.525443722899799,33.7515283662121,0.42747934445773,40.8318218783368,2.19216032904054,48.8557518481354,4.16898056759281,50.8248324808406,0.0494878836453075,63.1149143075056,1.00102785584848,81.9052584652302
"",-475.930004190626,13.3926924090723,-0.664078983356059,21.3672364100176,-2.28985034693479,15.5096652625696,-4.42737346129844,23.9756249155927,-0.765842946486113,17.1365020341881,-2.93712444182491,21.8361976373515,3.95923240415605,18.7489032112502,2.34447321754572,20.4960271193302,2.43384035007241,23.9172409583504,-4.53182438642842,23.311961305327,-3.4913779127792,23.1619629978555,1.5706585774847,22.7746781727865,2.65335134713116,24.3872753705696,1.54792587029583,24.2492740983948,0.471738226226832,30.9119983753054,-2.09031976026607,33.0503260600593,-1.06181480628153,30.0148020329998,2.46269540529967,34.3449616150797,-0.351144855213281,38.3988923740668,2.81721451242601,45.2405516534194,1.37763286150828,52.0836588923679,-0.245223059196665,64.041882525004,0.959480850999479,83.8862827158248
"",-476.080853637279,23.3152333812039,-6.86227652171068,17.6170991606413,-1.00717895194179,13.9980762372044,-0.988974532103113,12.1774236382166,-2.42080971525743,19.0786311463407,-1.32965924154517,15.1396332959015,0.389166744704212,22.7871911633083,0.528317414998389,18.5811939515872,-0.898963908958893,20.5241936918521,3.37442732117058,24.6400283493781,-0.748910285695071,17.0346770447215,4.11177748784174,25.5661693696384,-1.53535665458499,26.0500441458357,0.421790761882994,26.3644851894839,3.69520087411897,25.2711819208534,-2.52293075653279,26.4695003151075,6.2677695763287,31.9650736006481,1.78679211416182,33.7666542049366,0.869488939512917,37.8737456152843,-1.15939350704235,43.7466182350693,-0.344478657278401,50.9090377297489,1.87436079147042,62.2300724061288,2.25094433880148,80.1793413972022
"",-478.192745890423,21.8642254652491,11.0111541889784,16.9129079562805,-0.506537777461492,19.9690436696091,0.797102200145645,22.1796092073082,5.53005643784544,17.2460434848348,1.4989345401725,21.8279758603534,-4.48993122358354,20.6267383833559,-1.87688367913519,20.1564340885625,-0.251056060814544,22.2492618052883,-1.1650076235018,22.4625556130013,-1.6663222108402,19.4713203809308,-5.39262715989822,19.4005227947084,-0.585355300775624,25.1262837151323,1.41953741448499,23.5029335690089,-2.20103503885923,26.1457126995104,-3.41700713106618,27.9493603899911,-4.84400920316251,30.4050071693931,2.31161367598217,33.6591427601246,-2.6580426194437,40.7727441122418,1.12345830742485,42.5703568609382,1.4270665851059,50.4146943218391,-2.33851673358343,68.274608461693,-2.10498678549869,81.713673195223
"",-481.511433716791,12.8591345091446,-6.34003056518306,18.3349751746045,5.51579206713382,15.3854167758764,2.93743109638667,16.0942194742148,-2.59069787193251,15.0164745560348,3.13634631829009,20.3716543829332,4.9363703288779,17.9951949166507,-2.83548740754457,23.4688980803682,-3.21480048523516,21.9606643513501,0.811920478910152,21.6947466811518,1.97484840659183,19.3088166760376,3.61099305775143,22.9875886365773,-0.496364781423937,24.3872753705696,2.03806406526422,24.1371493324654,3.74808721594348,25.8248044051983,-2.773333333333,33.0684697627567,-1.50964509687808,36.2966172095162,-3.24671422172378,33.6557880922449,-0.514134293666519,30.629618641207,1.22626273375997,41.238888599086,0.211929479357048,53.7535266535906,-2.02658276405281,59.5703916413368,-6.26374411066273,81.7981590434242
"",-475.17575695736,19.2395157075877,1.07613963304708,23.7194312009933,-4.86720630071156,14.2446561208274,-1.56296222790903,20.4433619647537,-2.10830331401698,20.2765385995319,0.464464161849434,21.1792266073902,-4.02079959413048,19.6553342548983,3.94433723586565,25.0597638124007,-0.00291405304334716,20.6441702052451,-2.82395190826647,25.2889349406922,0.0171041489747188,21.4448770678208,-3.63596195035692,22.3708696729098,0.154099723873697,25.311035801273,-0.218223875216468,28.4181394257326,-1.46937462943098,22.9415345975041,-3.66373591013312,33.4852263288963,0.964942515469849,29.640147253399,-3.57747091151641,35.2169200616841,5.3953085374256,40.8652832979044,-2.08437163867721,41.4681109926983,-0.796299583483849,52.3458497401549,4.55076224028134,60.203302664502,3.29727160869987,91.4734558577275
"",-485.433519329773,25.1652943240822,7.21686573773086,-6.61618612505911,15.5334496517933,12.0865559518045,-17.9695571969569,54.0034833302516,-48.5650447285298,79.0115487850978,-65.3473593859564,92.1979417573951,-69.8023778635167,90.4614846995704,-56.7056200772942,63.0757965618606,-23.7510862767598,25.6788061562918,14.3900277468518,-5.13629468653013,39.5524133892739,-27.4936305232224,50.8528410849068,-24.5704822893131,36.4369451146665,-2.95603337825146,6.96882020367033,31.1353033736254,-33.3759810813307,76.3963212852864,-75.2852380814604,117.891946925336,-105.479238357204,149.38160888626,-125.744014254613,158.05413603062,-116.151996242023,144.987678678641,-88.9463201847986,117.440616830633,-52.0843642094189,83.9712687394915,-13.6786863760994,59.8933741105225,31.9087333103553,59.4514507745428
"tap",-526.76626771273,48.813887358845,5.41619797410929,-7.63541710182337,55.7382062223369,66.6737155824858,-185.195499824366,166.906578352191,-15.9592883269322,-11.9022826583772,8.28280629870723,-6.45971619388419,68.7467664859072,-14.0054685451834,-25.3842795091255,0.668509380365252,83.7793589560183,12.079955804639,-101.719855534926,83.8173511835908,56.1805788770588,-26.7766401557375,-59.0191402621519,80.7674823835406,34.879460568294,-11.2698772545818,-51.1508253310425,74.7632720891691,49.9755231618849,-20.7042554803602,-77.3859167026555,133.508005707241,29.524787182686,-91.4921505825621,54.9325690967525,31.2415806385375,67.0522993476786,-26.2729928028883,-70.5155952866217,160.372419370766,62.3318079172443,-141.749394641239,30.0244988886467,305.986649804804,-215.79586305194,42.4716504883962
"",-505.949044074598,-1.18220653287782,34.466217711907,69.6656226344434,73.3018992232426,76.8124694307373,-80.8230868721677,-189.827580889802,-46.8891352451193,75.9091805405563,-4.70549790938017,-39.6104813994197,-31.7934177812868,10.8605182060309,8.1144193332551,4.45027939834942,7.36531014093869,91.7452048814419,119.34373342426,110.548451198112,64.3381599933841,59.9438428803846,24.1039986181146,1.16365034248105,-28.6685810328522,-12.5631418575665,-44.0626892484672,-46.6051335925465,-63.2138046925811,-41.8110997863548,-68.1095905003883,-12.8380817195009,66.7800153879968,151.170685022161,72.5229911408116,35.3542255300105,33.0178664395513,148.355172807453,138.206177126754,122.181810932203,81.2625536266231,46.7920326844811,-165.433879432685,-199.047599792257,-184.877304188835,50.4167114264154
"",-443.648222606856,25.1252098399125,25.5417548711831,71.3706823869369,41.2175914499558,92.8157554831594,94.9313458727952,89.541741397923,41.9208438392958,25.1505265122036,-11.5224441617005,-0.749632356247487,-13.7076576129441,4.33269086296754,-11.2928051666091,0.708008760292482,-22.3963419833469,-4.91384399836024,-25.0091505701981,-5.01702791160811,-15.4973591365073,5.06618180200608,-13.807371026527,18.2933645108221,2.84269641802506,23.0940107675848,4.02888552239383,30.0023770326454,0.55854630158296,18.5445279233846,-6.80722567826901,8.58282491136353,-29.7298899299754,-4.96201701767979,-36.8055494831521,-7.25634753757354,-39.3891135462322,-4.87164058171615,-40.3099995788369,19.0537214574012,-0.709235053167646,68.2253014097318,24.232757086417,89.848941551702,23.9185518597192,135.865907960083
"",-465.219693478253,30.6071722240122,-19.0872956443491,-0.379672635938314,-16.2180626894412,14.7967016018156,1.95110547443395,23.1657988603611,-4.12450948360278,20.2810962368822,-0.289017277047516,16.9230656387667,-1.11385947378702,19.957436111453,0.2304868258657,18.9520381724695,-3.51035462779818,19.7929640467612,-1.77929620359062,19.000556061712,4.33151001302265,23.3474254627924,0.0551124987287176,22.383692574283,-3.46191016188086,19.0294648724899,-4.23117711200138,20.0709313309855,-2.11722464577809,24.7665519620532,-0.191826546799508,32.709286074927,-4.08505064730208,29.7203080513165,-0.572461666924393,28.3716752933815,-2.37560191806709,35.5540648079721,1.08889012738362,39.8683382882289,0.193954887752577,48.4090965917168,1.13786222340036,54.9188283914823,0.385702186931834,98.6338809503689
"",-485.131820436467,31.6611422625664,2.45389140455615,20.4489740835863,-2.46116939585447,18.5451399699541,0.0550753641356592,17.1730385151327,1.5003189322437,23.4479416863185,0.592520010236192,15.2390123083947,1.16853631981891,18.0114623745095,-2.50021370984607,17.7443429804515,0.92258610577723,12.7567072236072,-1.48105933977217,21.6266440169961,-0.883175762776175,21.7570997837396,0.287499063679574,17.8090389641954,-0.410165248504836,19.5837211309119,0.936245476448932,21.661280262495,-2.4531102358322,24.9389453113243,-4.67777087639956,27.6340076525662,5.80785885804148,26.4294509267979,-2.58690736009761,28.4538806870949,-1.47616041748626,30.7679220017945,-1.93305797406069,35.9851743414675,-0.809709113363717,41.8437879002329,0.550215559977364,52.2696327668033,8.01907388348192,84.7091577298657
"",-497.048926722064,20.4845806450464,5.29020885255512,14.2173457418094,0.477593729109711,18.8451657974232,4.12288925914318,15.7885403106996,5.41504350940847,16.3104714235054,1.69939630675673,12.485411131,0.0938053349489269,14.4979373742817,0.106961903273774,17.6189487932959,3.70338519015785,21.746620579789,2.30359158024918,17.9291624092568,-1.6323513475661,17.8307241650579,1.35973727243323,20.8332001067123,2.55357348562311,18.2904565279272,0.615498489240489,24.9580133489046,0.339173702184921,25.2357093473422,-3.90224982773311,21.2736916613297,-0.720622627622197,29.1657856806807,1.58461273550889,31.1794711709152,3.10084388747067,36.063193378226,-0.556556542211283,42.4168736379987,1.19491735542332,48.1156867793899,-2.79798719081465,65.5953433634747,3.88852709526223,84.9120497866753
"",-490.411551069326,6.32152528614629,-4.47005066047667,28.5309832582438,-4.33697244808429,16.7070818069991,8.60855429385138,17.5665066203079,-3.35919775445704,18.9980869286037,1.88351867891042,17.1376067258104,-3.45633511106196,19.9959003959654,0.0196272423919298,17.2524233806685,-0.696414133692535,20.6196375424583,-1.56341563918313,20.8468853440615,-0.946846864579471,22.2091568204639,-3.00426927910724,24.5599604770805,-0.866145698201242,21.2464899061781,-4.57548939266154,25.6973729367782,1.93150018100915,23.2395447485458,0.781465378266982,25.3408398766561,-1.44665740851901,25.9926030323674,3.27433761829489,27.2852305512282,-0.982711671715294,37.7747144247491,4.89625628699806,35.7308657902419,4.93978276877701,50.9747984504322,0.16743205802482,54.4874398422824,8.04355684724378,72.3483678595354
"",-499.462517868514,39.2905470580967,-9.25148516228029,7.63613633963936,-4.81808806123177,12.7082980341287,5.40639885953674,18.6132362664835,8.18064843343303,21.9776178639597,-1.05067039499706,26.3532181897309,0.927591568584107,16.9868662621749,1.86767284305458,18.0204140986601,-0.142651286792425,18.0620995769894,5.62071910051198,18.6255453047419,2.15619983984719,21.8012231094055,6.66296041850981,17.7620902712412,2.42927493962592,21.6159940784594,2.67288675298219,18.7631893982782,-1.34337357163263,27.7445651981154,0.746666666667042,28.5667265474663,2.43039161252254,33.1156859285622,1.03449524082169,31.0991519203913,-2.85590155317663,36.814264310761,-6.59236677777988,44.8109532386173,0.0159962716697445,57.1540336489013,3.59775921221758,68.4610241868732,7.92764648130139,79.27198053496
"",-512.586419727336,20.0227443663062,11.0174223695422,23.5979975951057,0.812796611773577,8.86336137143494,9.68172869284897,17.8107256349795,-0.887760719189749,13.5475262182539,-2.07191871886795,15.0302270502574,4.14222494687269,26.7396762436996,-5.57033580800515,23.5673598856642,-1.02340640438394,23.0001792595364,-8.58937458640042,21.5904667425127,-0.171238888677207,15.9350712927509,0.6131366200015,22.8324975997142,5.24625563773478,19.2142169586305,5.98269682297471,23.5011135792792,7.63337700744324,23.8664499094376,-3.15471589506589,32.2189094290845,-4.5044670681362,31.1484898727476,-3.99419329190342,37.5925629543606,-9.69073288479064,39.6734889783979,1.96735653378662,43.2632407022527,-0.317161415534781,43.3966317794117,11.1383382969895,55.7297008880575,1.27301233938142,71.2041945800765
"",-505.04394739468,0.980683793299221,-1.70041547225107,16.4566967274456,-8.41335124290984,9.46006534033224,-2.34696868110435,23.5542852249415,0.879493763295402,14.8131620384919,5.13011650825201,15.338585979491,-0.317603535260931,6.44230463066413,2.88019321168436,19.7786018891328,2.85426591575315,14.4364793627012,9.16171871761373,22.454420348762,9.02406031738206,13.1072417299803,2.43932190526103,24.0431738038342,-3.4640458304998,17.9209523556458,1.56021302451303,22.8632390028086,4.75654195775235,10.6722555450112,1.46307568546747,32.2686735115242,0.0956423011340841,31.565869270017,-1.1267937325009,40.2462866608676,2.45116671062055,23.7743554178452,4.219646885921,35.658825282785,4.28272750451876,38.7789522762216,-10.8358885799147,62.6453260841087,6.32737674963373,66.8998838778274
