"",-434.144707467709,572.456043018371,-306.981258219749,1.53125068125941,149.537265339075,-111.520654473154,4.33822892423545,91.3383696283716,-78.5171448988854,-1.22526050114775,67.1566517063065,-49.062282909028,-7.19928285502734,45.6277152991004,-42.4978951177266,-6.62492798361235,38.2716764497743,-39.9680892937515,-0.188293177548998,27.4266678333633,-26.3903467258596,-2.40635886029645,32.1091534383529,-28.7121276522908,-0.232796175214101,24.2025232844294,-23.7529087193886,-2.42506715840531,22.2533280774203,-22.1746844743618,-0.608875086132245,23.0496747834615,-21.6812009272558,0.791276358854808,19.4325267131313,-16.8770043823101,1.75569155256596,17.5461919675434,-16.8573886273647,-0.345795245407358,17.0878387325728,-15.6175153471315,1.44080547199937,14.1806727819933,-15.1061537997687,-0.168971696402719
"",-437.312545847424,575.637213173249,-307.061362837422,-1.6698277604923,148.761755245037,-112.682415605912,-3.53893837184214,74.116726628209,-75.0519540867066,5.20043033964457,53.0849548357666,-55.2678991440858,1.02760050005946,51.6645988459249,-45.5695783454659,-5.43717719490664,37.186129462282,-44.3852651271219,4.87481921811889,30.3436313105318,-33.2613222166358,0.631219717938521,24.5456284141202,-28.621682630048,0.265937733519195,24.7567795428514,-23.3224339388415,-1.21555843125512,21.8945376883427,-22.5120997758099,-2.26885438199882,23.2443283812411,-21.83047889786,2.11774061662964,18.5893283846309,-20.5987095892591,0.830539057210935,17.4734642327688,-19.0336294167186,0.468829170510282,17.9715179817653,-17.8467804386811,0.911429677427291,14.979115565883,-15.8802563704522,-0.276071118208688
"",-441.234631460406,588.827034403272,-305.403072525697,-1.29025024027116,146.905124592685,-116.047182507927,-6.00543163471978,90.1319618638011,-66.5974505886227,-8.49616218286511,64.3452090207171,-39.899744377191,-2.60047176690006,40.3605169982041,-46.7106725741708,-1.51603703267204,36.6614157621315,-34.8103655129875,-2.58124996604109,35.551325268692,-36.9845220194933,2.13780475086554,28.4342353661631,-21.6451343028532,-2.67071819157888,23.0940107675853,-24.2808680135194,-3.41125657203625,22.9866280213939,-19.106335074153,-0.568132044932163,18.7151436508223,-19.622844567588,-1.49916413297845,20.2824715108381,-18.0770472681064,0.624765993090278,17.0799792034519,-15.3719423126019,1.36538270240912,14.2178200169831,-15.356199801774,-1.10035072068324,12.013979272298,-14.2055047977422,0.184597291459784
"",-459.034866165475,582.873864948056,-277.678686834959,-11.5292594593437,161.302521355455,-98.9652926065184,1.59616166778432,55.2709005343336,-79.5331587872815,5.69823123672878,61.6739040204439,-52.8498534601227,-3.01732208805939,39.6915977372116,-46.3576135942054,1.62313645447611,34.9073225395821,-34.3572417648062,-5.45526614961069,27.5076616401861,-23.6694233397187,-5.17242644052481,29.1850061687329,-28.370637386668,2.82164940398069,21.9854982507412,-28.516572554733,0.972660779476377,22.8399264026862,-19.6786075949174,0.934819415734393,19.0776650023071,-18.4340740663358,-0.69756291482811,18.941514054965,-17.58360561282,-1.10312001169588,14.3496357895106,-19.3743447836784,-0.997229193834625,16.7502716309768,-14.0802821429329,-1.19605971224848,14.831288096414,-15.2283314821666,1.00315349724571
"",-469.745176877847,545.534019900101,-266.698448748248,3.5973092562849,153.284211375435,-111.853473446362,8.38507871488403,93.1920652914185,-81.0010708956883,-0.0950290229408946,62.3059434513378,-48.1767004945348,1.93332535538699,44.1104992308883,-52.766539187317,1.76682540698156,39.9090163137583,-32.7477252751048,2.0844185125448,24.5412369153134,-34.3839401289931,2.04112477719625,28.2711486212528,-22.9698780153078,-1.24268455919459,19.5837211309124,-21.3341653331471,0.151288967724544,24.8747235602047,-20.8330664359096,0.17259029213432,19.1040638015897,-18.7333890703164,0.00338707572276404,21.2839326960878,-15.8802788111953,-1.01451326096958,17.51197575217,-16.3423504178092,-1.20441349394274,18.5511033314703,-14.4888558260692,-1.13973549124266,14.7847332044056,-15.2956192085485,-0.590381405079272
"",-470.801123004419,530.531943398428,-287.046472633393,7.81876317251387,148.641648904692,-102.799775664979,-12.5694443027091,78.6669859236695,-65.2170029738061,-4.08342578199976,56.2501907654188,-45.901905565492,-3.45276392653792,42.2277425395685,-42.030478819319,2.57839363422012,33.9101563026728,-31.4452925938015,2.64379217164615,29.2531677005824,-28.771458338104,0.700581042130722,25.2176505080153,-25.9005053703129,-0.369405926583255,25.1262837151328,-24.1819169731783,1.37031055276971,21.3960483115681,-22.0116800206639,0.599256958801005,19.3918848440819,-20.6798005243351,0.258485883995892,17.0628958409673,-15.92393198868,-0.0908760870928642,16.770104013184,-17.4904505759494,0.662080677020568,15.5287046830181,-15.3220228648103,-0.637343251596307,14.2790242459891,-14.3193616183407,-0.0888046564563573
"",-475.779154743972,530.708869821829,-291.085446837165,0.383462886165282,145.549229186539,-101.140746815191,7.38086605801212,66.400058583755,-74.3343684362582,2.14113046127444,65.9248072983306,-49.5967899798013,-1.55631501856752,36.2767529891167,-43.9985161935505,3.0616756174933,36.8033983852847,-34.0043740099347,3.50503274038325,30.4413711904723,-30.9376374362483,-1.36839381691247,31.0961646515643,-22.302545028999,-1.51188842674779,20.8769857338971,-21.5940696471305,0.918368532016005,20.3941743541188,-18.0956406346867,-1.01997929586555,16.2706788194044,-19.7428405557595,0.950359128429146,18.1010682336303,-16.4061707051349,0.509095079378928,13.2641548300577,-17.0503465674277,0.546612245812303,15.5204318676635,-12.3349245332895,-1.11412016181367,13.1331403639868,-15.8663369835917,0.490269961820439
"",-478.796143677035,523.373347074102,-293.318737770542,6.71077406747264,149.848975819174,-112.451749013834,0.772337964798808,84.635672236754,-78.4514963559544,1.3449360425869,58.4544729254075,-56.3904732075918,-0.389593208397668,39.7339667892678,-42.7960730225923,-0.7523651229353,43.6260695493192,-34.7982078453212,-3.20760659124871,30.9440431949777,-27.252109207236,-4.22193823521974,24.5049349367995,-21.9211428375237,2.46630870549585,24.2025232844294,-18.5671951029823,-3.50051106694427,18.7973516042534,-19.8265574654599,-0.577750172265524,14.9143836900879,-18.332024791196,3.42768521063731,20.3577430172957,-16.6171505495137,-0.638178285295244,16.824970507503,-19.7734142280313,-0.109190537719412,17.1900353823401,-13.1879083966289,-1.8667543984137,15.6675478606471,-16.1790922420041,1.21735234085768
"",-474.421509724094,520.929891709589,-303.882704110387,5.47792672160258,153.572693012909,-107.950473254796,-4.58005138875434,69.9771272319202,-74.042342194356,0.424973294719367,58.6443665597346,-47.4573713614342,0.449706227579751,42.7238374897029,-44.909755833813,-2.03590854664467,45.6760320394525,-25.0749959685887,-4.67166589883352,29.4782350556811,-31.2246568454653,3.15093982261897,27.3415992456997,-22.8043572666636,-0.531219426993447,23.0940107675853,-24.3265750558041,-8.08994743669272,20.3949528970898,-22.9302449790837,2.75777087640098,13.4466932256618,-21.4514180836523,1.86854003797778,20.7868466726774,-16.4003051198488,-0.634062510131371,18.3090717081011,-14.9481168316642,0.614301318876666,16.5265956833339,-15.6741861370921,-2.57994737542318,15.7107106475039,-14.0165759517057,2.38680836421366
"",-472.30961747095,512.019273073635,-300.47370042137,-3.01554081592646,163.149392753147,-102.852119989786,3.92408410111027,74.4706012495903,-80.777542398194,-2.80482220544486,60.8804801123628,-44.6885660487786,0.232626855491701,42.0917183845548,-47.5948160993041,-3.83233550577928,39.8302165665629,-26.2381007644924,0.443271125950039,24.9770847937482,-29.0202677239246,-2.02247633681437,32.0711938557992,-26.7197208763119,-3.43042112293725,20.6922336477564,-31.3988121232333,-1.58606998985426,24.926791405487,-19.620344414313,3.68664596253424,14.1316579777616,-22.2823306864171,0.968831185714533,21.0583113721685,-16.0614001707716,-1.04715115082131,10.7281704903693,-19.8055862133285,0.74135723304433,19.4471260748953,-13.2559910642172,-0.556606929252945,14.8416426581541,-17.1500345393076,2.11772522455245
"",-462.202704545191,495.430895610079,-306.165950808652,0.595367371215921,151.884845749693,-103.160007223058,1.79913657382341,83.7242319804299,-89.1914009509554,9.1449820201397,60.4915711597322,-50.2431831378493,-1.78119151708867,50.5163446924338,-51.4893762538913,-4.61430218086576,47.3765912136389,-39.2832206962675,6.1937238562336,23.3517209587492,-30.3884555255262,-8.490948202488,35.5197008575551,-23.1564630664648,2.72973917547782,23.833019112148,-23.1762518178325,0.141094144489483,22.0010374932608,-14.8452698576343,0.320000000000982,18.7288363131069,-18.2436827093807,0.168706828777408,19.7008943545701,-15.2704960664744,3.6879013249842,14.4043749337341,-12.4026648973911,-1.01073715851841,19.1648837889314,-18.1043463172561,3.28754226838765,13.0680552712132,-17.4700831632883,2.47561302066987
"",-458.582317825516,519.515032919863,-331.925864283766,10.311991252623,134.66291975356,-95.976634490472,-12.9158471152359,85.1787014548849,-63.6768095700009,-6.29611641177426,49.6167948687852,-42.321251766152,-0.54622623976361,46.2555256382195,-45.2504879477606,-5.10889095094129,46.4524642401559,-40.2408235617446,8.05741033993787,26.7547661866743,-29.8832729085775,7.99746791311294,20.0419561660828,-27.8494552308717,1.70267923855357,21.6159940784598,-24.1115343550438,-4.48051513075673,23.947303290146,-19.7053914117435,-1.81700713106548,16.8758190662767,-16.4813267569319,0.412637644090477,20.4388255064804,-19.9209064563752,-3.50093657381388,18.7377847704239,-24.4324586378999,0.844899547601699,15.8048648013175,-12.8134882533723,1.88331823216804,12.0678052976746,-15.2788323242131,-0.353568987862595
"",-464.163747351681,566.423745749652,-346.351235545583,7.00650385804181,130.523456728506,-109.830289264501,4.71525793726,72.2547883261236,-83.5153961681382,1.39918620836491,62.8306684777247,-42.8281478238489,-7.14976193815126,41.5387332222065,-45.776606329735,-1.47944750197263,45.1094407590985,-41.5588657910081,2.72118171980784,29.5434286471193,-37.9326685896553,-2.58465236923276,41.2071169988136,-26.873851233141,2.36690593262465,20.6922336477565,-25.135485923862,-3.49801957276322,29.6975768017368,-21.1212243012644,-1.39034046439875,15.6279703546711,-19.1249729678121,4.25346534121339,16.8592732909934,-9.62624620812905,-0.205348177364836,14.6156989869323,-15.6874766097917,4.29803851276961,16.0520924477237,-13.7690273571759,-2.50036118571475,15.6761175884428,-17.0975005774153,-2.59668839957091
"",-457.82807059225,588.361762624273,-332.588233603754,-10.3584534605993,163.240814636246,-129.579104856107,15.5632321990835,88.3686906199542,-73.3246938719273,-11.667907387501,48.8038323160056,-59.1126783952526,-0.275097589252315,58.5562637582876,-39.5300637342529,1.98801222914089,38.5905691359492,-50.7673097978302,-0.17990036620487,35.5721488877396,-27.2184221376802,0.916469597731366,18.7794513107262,-29.1459704082627,-0.987964143357616,29.7450858686498,-29.0957952396842,-1.5781843872001,27.8952131687168,-27.4461622269149,-3.80293075653212,23.4404495082392,-20.4635038259961,3.91666582457882,16.0133479875252,-24.023555706951,2.12636222981423,18.8607174291572,-15.9103987660699,-3.34321719054209,16.3689507878712,-15.7991950024112,-0.109774555943926,19.6418299189848,-17.6061581889514,-1.85563006343891
"",-405.030764263654,616.49404368024,-344.523190265105,-32.6325443829347,125.646605899429,-150.661776160918,-1.11349877285541,130.800133470339,-84.7999255231864,-0.644311909182167,68.1489017186364,-62.2238339873045,1.68847730530688,68.8477220501428,-33.3351243990964,-3.2053645700007,40.9150785211154,-53.567573748869,-1.14808812654665,37.3679101370428,-30.7054664336225,0.98463325653022,34.583328575591,-36.5301110373808,-2.35109700716001,32.7011192469007,-25.878750105927,6.48685747297925,21.1248341624425,-25.0443891448248,-6.23108350559879,26.3319645819371,-20.1354088826855,2.15991706148671,18.0194598545541,-23.8084503838192,2.67911332210098,23.6187619949811,-17.1395941810604,2.88492216266227,16.2223385726361,-25.0911167117401,-0.190329730400848,22.0228964105201,-16.109751854866,1.10326494050428
"",-327.795847577252,650.113921167557,-304.890826144924,-36.3175739049987,140.198793528588,-175.466880754642,-0.210780488269619,83.5744306009425,-57.117118575667,5.25313998164604,54.0576416172971,-69.2959501474297,-9.10930356048236,71.894569352781,-35.2609456107768,-7.19701462334174,41.9275048494883,-50.9576741998397,-6.75359718125185,30.4574875437143,-25.9385749718559,-5.51305301828845,24.2193163698633,-32.8162989936873,6.26412205666234,22.5397545091633,-20.7889067475331,-1.28525280897865,18.9498583755738,-24.3582247688758,-4.55921555053215,25.3008252631027,-18.5456576354575,-4.05696831835686,18.8038537149613,-28.3514477641224,-1.79333511954423,20.7316070434103,-14.1039282147837,-1.50102525707305,14.763565242763,-20.6327624180347,1.53582253996464,19.8003763663336,-14.7003728028008,-3.3264399489006
"",-261.271241603221,645.119136550328,-291.912862274987,24.3577179987936,159.571529322495,-171.937734011774,-6.13358369178423,122.453166570844,-115.937753507586,5.68026538070333,84.9800468935824,-76.3123932458854,-3.11103942151974,72.481660699948,-59.7225360338112,-5.65836401706604,52.331878406447,-38.3725089763464,9.10820881506709,28.4183945339079,-45.8993108989559,8.77248642630991,30.7268313606392,-47.9662040383545,5.37786140221647,28.6365733518058,-30.2138842604906,-1.88651821051804,38.5443192497812,-39.0488001000684,1.49333333333422,29.3691423692011,-26.797482637783,-3.96883854786666,30.5575133920738,-26.6593078996228,-1.58719260065385,26.1821698865087,-25.1404754631053,-1.3766793570599,24.2244637325149,-24.4235550961902,-2.19368582403838,21.2664302193041,-23.5443376163574,0.989177540150913
"",-196.707678435682,572.23444668574,-367.283505569008,96.2054548353222,254.691913455428,-194.67559141156,4.15005034540966,90.6966294410144,-88.6345797500414,-11.8560139218355,103.345900862908,-77.865837603384,0.144180759869499,59.8761972013711,-61.3131632313453,-8.92293169136981,53.545210479511,-43.1096429427718,15.1572997029918,45.1399994578311,-55.5213776204982,-1.19780746450713,50.2344742606407,-21.370303998081,-9.14642522059339,32.5163671607601,-38.2081329503189,4.83972656850887,37.2934184373671,-35.7465380439845,2.34072233706746,24.997570208799,-33.3027681034667,1.63518898890183,26.3114094730944,-19.110503916813,-0.22410990237078,21.6133770071868,-28.6065138861023,-2.61540512617648,28.8518244883737,-23.0274815785291,2.08772205780297,17.5197477112551,-20.8789910566672,0.373513391174336
"",-174.985358117631,488.759663402964,-443.606090415338,37.067563207433,345.458515450437,-108.365497621717,-34.0679489474022,92.3752207569804,-127.500691545278,7.70981735219508,110.592887879999,-55.3509538100456,-4.51859259085604,30.9553628268323,-60.4518722321394,-4.99048474233283,57.8947800004449,-26.6690810290638,-8.15528581334646,35.9082237325229,-48.0616717834054,1.98397785559569,41.1464288340296,-26.9886352770339,9.38512371234146,19.9532253031939,-40.242461974171,2.40294406524788,31.3817158970668,-23.9548389473566,7.69696572280056,18.551519883393,-36.8682672867307,2.37398989616492,27.2483545891728,-18.2150555024781,2.22084513486026,16.5126168836994,-29.8351370680177,7.21591155860924,21.5293590111993,-11.4174024218469,1.37215311507559,13.3900322678642,-25.8989625896354,3.08428919109862
"",-189.316055549678,461.34861390109,-485.552099895886,-56.730954308995,237.205013041397,-12.653914385052,8.36522687891554,62.4155138119364,-83.4989470516084,1.33133280401122,80.7723285175623,-43.2213009418757,-3.53384511266359,16.5494905683678,-45.2773730590382,-1.31314497586224,49.0392883252142,-17.175964179566,6.87908429827145,18.6947496138325,-49.7448425986529,6.12474488646439,46.3975767742766,-23.6718597900556,-9.53577984898268,25.4957878874143,-34.9292084602853,-0.0396748703030596,35.5680315039656,-15.558150337348,-2.86216701119881,18.9879298168983,-31.2468902493897,0.840522274484349,30.2792891514762,-9.96008539842618,-0.537226277752604,7.05502729257487,-21.6768627313037,-6.21660652477491,28.6810586747607,-14.4507006588225,0.549294996415628,10.2337300802912,-24.7420445324686,0.309991478615487
"",-271.981552315594,506.310029248442,-436.37528527146,-30.8435929712421,136.379150427142,-61.3575581808456,-13.4538817541243,28.9142425468551,-121.908358142212,-4.44686068998782,87.5916335442336,-33.1809285596061,11.1779400601615,10.4816471166483,-34.306917947139,-1.34973450656177,61.3644481839774,-23.3001848410701,-11.1614851886536,25.7812314161323,-49.7003966218342,0.535585214659626,37.9347309684373,14.8330610434672,-0.34669870839356,6.46632301492413,-45.8218510322064,5.79084120866737,27.6627392714109,-6.25566950419221,4.61184725093443,8.51131772321301,-29.3179602282685,-4.69027970275729,33.1258070543841,-14.392824358099,4.64513860252303,10.5463363561873,-29.512708714827,4.58145310489871,26.2130161059656,-5.41133773835276,1.32366232884545,2.4913426538964,-24.766402667716,3.09127716964619
"",-265.344176662856,500.119516390786,-407.500760688064,42.5927408183406,231.85243312541,-171.064013993049,76.8883676308277,65.3710695620935,-94.7515773750797,-47.8981068111763,113.394805744453,-64.5880793718415,12.3661292179005,26.1457243494465,-7.65766805866823,-22.8363481250704,51.2064256758998,-14.6223967737115,-11.5244655951165,24.1366215194264,-52.9077200547728,7.07990681972577,26.2443179718489,-48.3272338080404,-1.48431473778868,34.3638880221668,-35.9374212610983,6.89046099853783,16.2500200779636,-14.6874037416435,2.60074304120096,22.9357468899424,-25.7441877896068,1.75617494169052,20.505274886042,-12.9320328675878,-4.15565690342995,20.9159035938982,-27.226551126717,-0.646637071847145,18.234311152854,-19.1968170691893,-1.66093373705241,18.2786718647441,-21.7695736865207,3.83131597344805
"",-153.112188352927,514.559355888231,-417.100487265344,-140.060199993395,217.133929324869,-151.271243242372,-23.0844490417361,174.248111948025,-54.468589203809,19.2410251539324,43.5167222503338,-87.0651942467676,15.0429140589673,39.1843116052151,32.3366111184819,-25.2118497024817,4.1672841984271,-19.8105108787248,18.7201625008646,56.7568134793415,-44.475255199956,5.9401051008795,19.621270970278,-30.9608045903895,6.45095366260618,37.3199214004178,-22.7156516181377,1.22434251800841,10.6819192140807,-21.0441368357536,-5.85845180519889,32.4909026556548,-22.0006752402789,6.86517990539146,9.95979928806755,-29.3683770725663,4.24387895458124,24.1208751831398,-13.637220331474,1.81177379692113,15.0349877183318,-25.1427395449382,1.23999470410001,22.9269683154245,-14.0486307827279,4.04551481706029
"",12.3696546255567,626.555780055457,-358.208515256618,-124.759469816401,18.1134249120975,-162.396740155693,-16.8454891332734,86.1518519183921,-76.4116218489766,-2.89057158211254,61.4355620197537,-61.2508417645682,-36.8681751602228,44.5626017422663,20.7333615814919,-21.5937130403154,0.947493672654053,-32.099679419492,6.58774871297447,60.8097913671125,-40.08986479347,-6.81465731320837,48.1171470619271,-41.4602290852818,-5.59919216128292,36.026656797433,-24.2724615895988,-21.7056340263796,28.7859057572684,-10.3604273314188,-10.8946951909319,28.6291314698673,-16.1507528483464,-5.42482014114758,22.9834448206,-27.6214050285038,2.62867598285766,20.8567769445258,-15.2975620436482,-3.39227964470288,16.9102779148191,-25.7340398172553,3.51059381342833,17.8347563366028,-12.9888282935331,-0.447711984903577
"",119.774460642585,727.676571240812,-198.252034520927,-69.2966922106597,63.5790586023031,-206.369982648061,16.6767767073768,84.458134224727,-41.1652666515859,10.3612455927325,1.51336485558408,-109.792760873148,-12.1920076580829,80.1707751037926,-0.811440849302151,-12.7299844532507,-0.873769946526271,-71.0749758229621,10.8453707246796,48.115905932029,-6.22228982532444,-25.4068726548057,-0.23086878003964,-35.7728334094704,14.799446554874,39.7216985202465,-30.1108675370675,2.76164018662038,27.62560458608,-27.1292909559281,-7.63104209733234,33.9918520091484,-12.8140337080326,-2.1591426376917,18.9476455439731,-32.3315365691764,-1.9667921634063,32.1291661107418,-16.0577495838738,-1.85464766560595,12.5042413198488,-25.1996824628803,3.58328979550428,23.5477089177221,-6.34574365321439,-2.54015446555915
"",179.661690963878,793.662082121187,-83.7067995003743,-130.431290919058,37.3041409164273,-133.113104781294,-62.0528633080832,139.290102066631,14.6169591076608,-21.1456224435637,-38.0930603871841,-26.5048776037742,23.6853748889858,55.7861097765916,-8.35538999342622,14.6701003648896,-12.1879537322809,-67.0671666389357,33.1050263523704,49.0471781428524,-25.7951772516438,9.47483704965314,6.33470454173794,-45.4287890555935,7.53123353164672,32.1468629884787,10.9340465316588,6.65077013179014,-2.01278377614514,-47.4741651132332,3.25997929586709,27.8655011231576,3.70432876976618,-1.59326276006537,4.84462465420289,-36.2713356973851,4.32429544332772,25.3677816375886,0.377593979585993,2.85478143998441,1.00852690827874,-25.332909786591,-1.25062792058724,27.6137130445691,-0.940198623694405,1.21570270289544
"",221.597837133448,875.72709020913,33.4011383822855,-130.25410415999,-102.45484811222,-130.29857171554,22.3963987115258,92.5051575939891,37.5417900019862,-31.088245101437,35.396359851972,-28.5177800483415,-32.211182620281,7.01815806210504,29.1054557820294,23.8072308998707,-26.7505681708907,-86.6099008791317,20.5945301188387,54.5362889057457,8.34797695915866,-3.42303706998359,1.16914215892536,-34.4309321571375,-8.58357757627786,39.3521943479651,-1.55438885042646,-7.73526185692467,-11.3146082910388,-32.5005786492616,5.94588221720031,22.8224849601656,2.80409071120458,-2.35552464631975,-6.0838961810884,-18.9592379924466,-3.76966067486594,28.4899518126416,4.29782639568922,-3.71066836849688,-2.25577494922642,-24.7572842305551,2.76176606024948,20.9374400178849,1.10016508747876,3.21769088913203
"",196.556828989029,879.830456709583,191.081683776163,-25.9299779962082,-66.3050876470985,-189.890459966526,-12.1998590752014,79.8960155281748,-18.9051900179948,21.6447817173326,-20.0596021220886,-90.7548644790596,-23.7999412223948,48.4142909964381,14.1721985831494,20.8596426827299,-49.5931271453095,-84.4480365383493,-14.8227870732787,93.0911048637512,-1.22645761066087,7.92933161042044,-36.2820693965107,-48.2578588821787,-0.889776041183563,42.1234756400753,6.32538044198071,1.89741026126255,-10.3276277297066,-28.8070299591481,1.80144467413366,33.44879056634,1.44977148242039,4.45428453816319,-16.6911651761198,-21.3690297027725,-0.496301231964197,25.0505528813113,6.36504465741078,-0.0467179021880529,-7.66335873635606,-23.6667636825874,6.96515019741125,17.9094186032739,11.1732586249542,0.274421480246196
"",173.02431531114,867.602263224377,99.6040975934159,153.484147904591,-82.1655774157869,-170.930551691189,-7.25273881638553,160.549837106529,11.2999550887651,5.57897644472555,19.6718834638026,-109.690924503125,4.7693920614875,67.158227238536,-8.81108225581518,4.6029953940619,-18.0143774647057,-53.6197537745344,-36.7484970524803,66.1551056894264,23.2480047860865,-16.2837646028586,2.30506862137184,-42.3506675470988,11.4262347724844,46.9270298797329,4.77599566870286,7.54265471340668,-1.77526399553357,-41.1629206879412,-0.981506786532814,41.5002559779317,-4.07102826086816,1.58338741645516,-0.367012606782499,-38.5086970127207,6.63520099923736,29.6576494842711,0.0849166342879442,3.2519961668415,-3.47952900032925,-27.1514070530202,3.1232593330996,24.1964134910345,4.17756307097517,-4.72572041092567
"",160.95635957889,830.121575545889,-36.8624036065746,125.965295413424,80.248273017026,-235.747164373892,38.4371007892497,84.7723950148311,11.5295270005307,8.15773703106411,-13.6160689832698,-92.7752416459822,30.2668913154127,61.5145109640253,-16.9344843018593,6.91230588862178,-10.0536595539024,-43.7205880104417,-6.82174941771127,33.8615071044045,12.0756194813466,5.00841286774559,-1.79296977331762,-42.1750302579769,-13.8779944037113,36.9504172281363,15.0351596050007,-5.09857322794082,-8.98472979853219,-33.1388239526245,-5.82959742319914,34.7840580578475,2.97724819218487,-3.82345752900181,0.156310844444802,-27.0724094683495,-3.72739564908622,28.0656653420503,4.07291741696343,-1.75483816586252,-2.96863857127026,-25.2375665575804,-0.783051315371671,24.9326987271703,3.85497454730788,-3.01809810824753
"",182.226131556981,776.856363768403,-61.222694859591,-66.530240758492,126.69956011717,-158.239687635056,-7.89281661810915,155.891415441684,-5.2844340102193,-0.024332201369989,20.327646023949,-73.8182950136523,25.2424780991492,42.6820693859378,-14.9967091323123,-1.30183818905957,9.91109466310539,-54.6770111364875,7.62775998284255,35.1082085988595,-1.05664056290412,1.07366337656059,1.67836482616959,-38.5764379749007,5.5066619972845,37.135169314277,-10.7709737927908,2.68634258919169,3.45318621984364,-30.323736800593,-1.97997929586608,31.1843796363428,-6.40381614663145,-0.999158971786844,5.97661267149045,-26.6147043568536,1.98859929277494,23.6402569652863,-5.40707078769028,2.52994993474079,4.37887445848224,-19.9520531873202,-1.48387824236434,22.8371112755787,-7.12274941039322,2.56009886887121
"",226.425019426348,735.05036444792,-36.5674042661553,-70.4631968903862,3.84393020931512,-126.43000862946,-5.10796803889786,110.478265691487,-36.6703552750904,-4.27348071146314,21.9515603933689,-53.3380592675372,-23.5066181172826,45.6639694385497,5.54626304192835,-9.83728053215889,8.06728797970784,-43.2047918487089,-5.96217907260977,40.5540937528913,-8.70054437076979,4.212330016478,9.73088845808474,-31.0103874432228,0.232069562770336,18.1057044417869,3.80712456418157,-0.651311504952678,2.2475550508289,-26.8285915980205,-4.52809063666593,26.322070640718,-3.63476371996629,3.47908801304562,1.71842107154456,-17.8238906548554,-2.81018844782037,22.9068438301913,-3.78765902494086,-2.80867151128,3.23312929230199,-22.563955455942,2.10556185640114,19.814682853756,-4.3883985474744,4.57504347987293
"",230.648803932636,721.824064363222,12.7453742796098,-4.68186147505243,-10.9126348216951,-143.820363923954,3.14996076681726,86.9066901364187,-7.01399457734919,1.96358752663309,-11.4761518990203,-68.6925322810591,-14.5128372554207,84.8253296637062,0.112036590574636,-4.58470062871312,-15.0739983158216,-43.44223705075,-7.37171752824083,48.0274654160067,-3.41030308512767,0.305456200177465,-1.16820706764002,-38.1573325976927,-9.26078168841737,40.4607068648092,2.34422127984369,-11.0215162867032,7.97701228719857,-30.8842484986463,-0.537007131066035,24.9353089014963,-0.220079515076432,-3.99787640610747,2.83330051838223,-28.0787220773577,6.23951408527029,21.2176415236212,-0.732866372902625,2.08587597644215,-0.0815188204884198,-18.5212047014101,1.02569187827419,21.0103017922253,-1.14246116056831,3.33507756541046
"",247.996490297746,754.468666778927,-6.51712895134891,-3.1503218580878,-50.285593729368,-149.159910124845,5.13698667042258,147.509086596538,13.6666013430948,8.47437748351311,-16.3808068779655,-82.343047282936,13.7976141618295,88.9829805251223,-13.3782780625189,6.38544639610176,-9.64268587288551,-60.3532081349555,5.27428467698011,39.7950026906208,10.212471847245,-15.6505166830102,6.52774641553746,-40.4383638371687,9.65033616380991,39.7216985202464,-8.6440748378838,1.71386997065674,2.00224337411314,-30.2344535892268,0.894076374533852,28.4893963874393,-0.145892010509885,-1.03320398361753,-6.59729520623501,-25.3784643589178,-1.96673876189851,32.4652691764011,1.66107400915224,-1.80612009464867,-0.574903956632934,-28.7389409438698,0.870496107396753,24.9928250035104,-0.0753714727492833,2.8248632002776
"",279.222325754944,820.061830728328,-2.31968158224805,-13.7562084544024,-42.8836403024486,-207.414722097926,-12.6602888039092,93.4255826391066,46.3305666990041,-9.7994466422052,2.96418073732409,-62.9132163052799,5.50157485333759,45.1512884031012,-16.978633800926,13.482349576184,1.34893140277601,-49.741219724598,6.90078292791291,39.4036440711845,-2.81536622389864,2.47286371724021,-15.5083700807046,-31.1849717634534,-3.47765389338588,18.1057044417869,15.7381582860206,-4.18220709679157,0.0103209578046267,-27.1432017667279,3.77180584266699,22.0980183543021,6.27825561886944,-2.35305216872289,-9.2000380032537,-27.5837254036304,1.08999577911329,16.1113834234212,7.34955530256439,-1.35274877464023,-6.58091703040944,-22.0796926603948,2.63624351855804,15.8920541873068,7.44244752631057,1.32280212470125
"",292.04452872046,816.232337025741,77.5947622754978,-22.617167428222,30.3451574065623,-150.999084556031,14.1368076244128,105.369428645558,-45.5713356704064,8.11665800627201,-13.8975404232133,-91.2742869932814,-7.17211852751861,59.0764914975117,-20.4026612185041,14.1868183816166,2.50905715370257,-51.1446539481626,-12.8632114342925,52.3878499234211,11.364466909687,1.96225527449157,4.39316251760779,-38.8540444457884,-2.05895184864463,43.0472360707787,-2.01662016846428,-1.90319718415671,7.3246338636077,-33.4309393233047,4.56515988013365,29.5107977794793,3.58357954143285,0.375805547374581,-1.41217995278736,-24.9926593490642,-3.56599079461704,23.4131162129046,-1.73355982886405,0.201250917792157,-1.51826276028048,-23.4516324250909,5.55997932528015,17.7320474262849,2.2878647397517,0.636628084618486
"",303.509086666098,738.43046216679,66.8695043556339,-7.44145516716953,-18.698124488131,-156.669679255452,-2.1640617320454,134.190870077626,25.3238635896501,-5.45825444552375,-12.2005053402989,-66.022164560068,10.4307035502734,77.048960548882,-13.3693741706911,10.689757098351,7.35997963865889,-50.4644977440677,-4.0196917006886,34.9705157793436,11.1814741877809,-0.128124271193712,-3.16375302804869,-32.0884091864516,0.581158049377008,40.0912026925278,-7.87705036976909,12.668166621713,-2.8366111514827,-29.678426713323,-1.34592362546628,32.8112336027566,4.26112839558163,5.49868067122329,-1.79819364148362,-23.505380992174,2.4244681888533,25.0880462785303,0.0017848593350391,4.82667550117756,-2.21231118296583,-14.2363765875942,-2.65603135049622,22.8181614631862,1.48902053325917,-0.96389479625393
"",317.08553686488,750.992109590093,32.8873385973954,12.538954606159,-40.5841864298938,-144.017040805843,-3.92126982113599,110.738625224946,4.23546693826184,-11.4940770194278,-3.88051693514234,-68.738293691446,9.44278587454885,65.0185366173501,-8.40967802166725,15.9789265324963,-1.67008067214703,-47.7661197746816,-8.00404546016025,46.9058269902852,-6.1287646992344,4.37174353159677,1.38801334465179,-37.5407811606706,-5.1108277549272,20.5074815616157,18.5659858903997,-1.68630113561296,-12.2357342377796,-22.9031266076503,-4.72813204493279,24.3100068074177,8.04534015157887,3.14399821685006,-7.33905047574804,-21.5361835805257,-0.194689443405253,23.9831716597508,8.03639448385256,-2.65130319284103,-2.2791136692766,-21.7631949168228,-3.01446841660639,20.4208913469563,6.42183825295802,-4.98514640174703
"tap",380.140605565888,827.031405630625,-56.2357074784926,-17.7162062692907,-109.02550139597,-148.057213593208,93.0924965472407,201.995449635591,-29.8135537322925,-21.48385920999,-108.073879060285,-80.5583546236846,40.7699885923108,192.10482826775,-31.4983448338202,43.8972332266468,-144.757137076966,-34.8416912141467,-72.1447025463899,210.661108099187,-37.9384384904829,103.956387286261,-168.606162135604,14.9601824911821,-142.680313173997,219.485478335129,-65.196994797447,124.028246174411,-144.952140367509,54.134802480061,-161.68648494467,142.911148155279,-29.0999882710422,115.538442232945,-103.834594357778,33.6653073938259,-91.913513512605,23.50513309096,24.1495904306187,64.6113268543535,-31.0243920805613,-28.286234601676,34.417300015795,-97.1702441936655,81.8198381270338,-18.853965793873
"tap",303.358237219445,931.193959205963,0.9720773155985,5.4949529840909,-38.5084383542372,-246.178618581783,-48.3801465770962,-51.2371486496164,98.7623118129877,-78.2196767813859,157.202175357523,-92.2924435480923,147.333064632179,133.98332714902,-49.5684128587514,16.4718656646094,-135.293828050208,30.455876581458,-261.26326800287,28.1508658708475,104.375411444602,-58.2303893480359,132.303764872227,-0.593079143144611,225.579436144141,-125.816170661803,-47.7930568489111,37.5199853366102,-212.543208237935,26.2753969114981,-54.6161881961419,131.729961481983,30.1099738686959,-12.1033680269146,139.905905983154,-226.066512812457,78.525447805537,26.5087400756212,-3.96737024621194,72.1723063177259,-136.178206482994,211.468375256987,-234.411899691399,1.86551952337853,-0.654165461210516,-17.5784298810381
"tap",312.409204018633,891.020810302219,116.569264397154,24.4139583170159,132.732652061472,-125.276929429334,90.0332222141248,256.212056969067,-124.941000363616,137.171858995036,-24.3849000763256,-117.429317563456,148.553826459674,-21.2860017648059,-55.3137706331234,18.8769687941733,-124.323844678557,25.4353771880078,-0.886733475458213,-251.626129270731,-11.4860849985173,-8.07172453473354,-126.387165251626,-75.5381106067637,-225.754003473581,-87.5724888306825,118.472371914329,-141.621776997865,-91.2491124683615,50.5925656981008,-56.7843202410763,94.7283839702256,96.7598671666473,-105.465565170641,108.262739358002,124.484764924736,-155.004327190485,42.1086399882382,27.2996359904561,-132.797896726105,150.006017796206,-97.7807710205948,-245.809465495862,177.075193080134,-48.7741498163438,-16.9331641799106
"",307.280322832426,726.854664218314,18.4017123490768,-1.55021592253429,-43.6341306788837,-181.517157499164,0.464998841909052,88.5620871722177,73.4071397909953,-26.9367877652185,-35.8917552034375,-57.7396382537603,-20.7847887480177,104.411702331469,-1.88586627933304,-39.3228198524072,-9.55053083951264,-58.189473562237,4.92214687217534,73.8831862530334,-13.12438525461,-50.9237766257513,-6.72463219465894,1.13720326723377,5.32623985512299,34.5486401083074,-16.0955773412772,-24.3629904697917,13.8921689440494,-5.7119931720775,1.92367379773355,33.671563330953,-8.19750820912887,-16.1635540112072,13.4163098728945,-3.58514955243788,12.6413977815309,30.7715339670684,-7.34605933110291,-16.719331942805,23.2481389682911,1.65695954894472,4.58798545694949,27.3251720251281,-11.8658625144665,-11.6852925114172
"",318.443181884758,761.908535439312,42.0909850679401,-21.8060563184725,-1.45710339987146,-146.660115339077,-19.2891031387846,120.94480415526,-12.2598763655687,-15.2156484717567,10.3925384693398,-79.7924630208158,3.68453087754137,59.5536876250945,-13.7527866322914,9.77540825756146,5.45213985028848,-44.4760883726129,-14.6288587495884,36.3455197670506,4.06774881717091,11.0569648538232,-8.00121096143377,-49.1909295535663,1.44995047244152,37.8741776588397,2.85602597890327,1.8019788378111,-4.48334657887519,-28.2915727452909,-0.87256958799944,23.6638589384772,4.20251788545116,-1.57176847185214,-1.20277669078367,-30.921006698452,1.93784899733115,22.5709304655103,4.65809852373709,-0.448163193428136,-2.29030947066015,-26.1303313883567,3.76309522836157,16.7628597858818,0.989643886214667,3.23763529244423
"",321.761869711127,744.371656448302,45.1193466381984,-0.711651681855947,-18.5511679257858,-138.177706042716,9.68125990203764,95.8593304985281,12.2060961752997,5.55015231280532,-8.61662768033372,-68.2192320898699,14.3243261677128,54.0943633125883,4.42965299582138,-0.818556205786236,-3.54387072146492,-38.6966945221091,0.605052721588939,34.0920856377695,6.5537011239023,-0.320433505895568,1.06196705552567,-21.8449129213276,-6.66990127845466,28.8213254379463,-2.54475959840634,5.9630011612311,-5.1727909841358,-19.4591155198822,-3.57997929586609,18.9403541950031,5.48818147867789,-1.56928146906345,-0.62396329268124,-22.1258727227472,-1.6677752214828,20.4770652805256,-3.17095929365836,2.75820592185853,-3.18991960540076,-19.2009786996055,-1.12969003288956,18.5097160043472,-1.09810190922924,3.13917348714815
"",307.732871172385,738.942464586889,45.1402073289361,3.82901864732583,-25.0708365965283,-144.660714134174,3.26762087964116,112.032407950246,7.67007422126102,-0.120369154205068,-14.6483891247484,-64.4345505028182,8.82954542706262,51.806916946924,2.79793512066091,3.96903647973607,-3.84810323161755,-43.6266948773439,-4.38992791783759,40.2175270872057,-4.36979881166702,3.64806949839318,-4.94179576162892,-40.5415250727935,5.30401669123348,27.1585566626802,6.22657837950623,2.46182544002339,-5.37520847749644,-21.0844386687525,-0.329618127332838,20.2660294710949,1.5503044609205,2.52026603978176,-4.16877361626075,-21.3444179202078,-1.75057997218656,24.7656793657262,3.57355256784169,-1.31275357569307,-0.794478383283036,-19.2785920136762,-0.498502568476745,19.8206791351321,0.686452248699959,-0.070509891106462
"",305.470129472588,745.057553848972,34.3890771099453,6.36250793547995,-30.2608239680273,-147.570481279564,3.13343425497323,105.556856796365,12.1905216046048,2.05384238982731,-12.3129959185947,-63.1948918234092,1.88015641521019,56.7444173406401,4.16480397527408,10.8151512855068,-5.65380124473674,-45.5012755672914,-3.31044349521959,45.5686718437702,6.05569159699075,-4.77772977805269,0.748760269273037,-28.9000278862575,-4.0707527947574,33.8096317637447,4.35925504126179,-3.057431100541,-2.57102670772714,-22.8384277423146,-3.92883367786597,28.3696744913948,-4.65629781426395,1.61911481035324,-2.77828149172815,-24.2474803066957,-3.51933615762257,22.417093675101,2.26457694182914,-0.505397962139132,-0.381891708861947,-21.4016861552932,-3.22173826257282,19.4173467387755,1.87674799128628,-1.16678685306351
"",305.620978919242,748.041163128124,40.1234238974361,-0.672439914582059,-16.4675758135572,-156.531357250551,4.83649399188676,101.924026919232,11.4184722529684,-0.744534150663489,-6.19369100915111,-69.7286514353828,3.21102845485961,57.8874013445913,-0.656576082429194,11.0293501291188,-1.84564187112879,-48.8036663226096,-5.2700050047302,42.9927464490404,9.38261111554291,-0.785539483928117,-7.65096958141163,-36.4481133367411,-0.781562695068181,32.5163671607599,5.89470084214491,-1.28527236342073,-1.99667134249181,-22.9857812419759,-2.89329192506606,27.1165756868959,-0.398983729995642,-0.437453781811305,-0.660187441705302,-23.5185739221659,1.06196195561501,22.708155230388,-1.71539517669408,2.83637441388323,-5.94469169821781,-18.7194633814304,-4.3714516755122,22.5967947972511,1.94903741469473,1.20871472434791
"",310.599010658795,744.78271992674,42.7665548286409,-4.48500260185858,-14.0450707721567,-151.578962924509,0.443057101613099,110.083798144745,8.89058167739836,-2.30936268771788,-4.07358677332879,-70.8090637250604,8.37832085413142,54.4649108681471,-2.18613304628966,7.51399408050347,-4.2014461800489,-43.3377809866864,-2.13136065759785,41.2261023409795,5.54236817750197,1.5310196306249,-4.04558744165304,-37.4457691322879,4.47162703879346,30.4840942132124,9.62268803623255,-0.952275369099198,1.64067463529554,-30.4866059463067,-2.22811134079945,25.3969253355111,-0.149044670971589,0.664770795806666,-3.40891911962854,-24.1086969802681,-1.92561239400785,23.294282987604,4.57596107793253,-2.29835068565635,1.25012843267068,-24.1511065952657,0.967211702882564,24.3172401014087,0.434650327943155,0.998834688990879
"",316.63298852492,744.326738604378,39.4300744047313,-4.42329416588195,-22.7240343243938,-148.081866217828,3.05153962063304,111.540941382027,8.68535814381355,-2.04747587755087,-7.59283065719276,-69.6069453341092,2.92092852266546,55.3530990305245,5.70760819941987,0.328286243965023,-4.93173350123242,-42.4778371139652,-3.09083128294193,39.0470958354274,13.8710582717895,-4.15080852471111,-3.50451600742028,-27.7633724227911,-0.916453308726789,29.9298379547904,7.68306778833358,-2.30374584648776,-3.77559667089718,-32.5529837907081,-1.04883367786607,30.6155241643614,-1.8899777070516,4.02815379993826,-7.87225159205023,-23.8878106937714,-5.24276425580839,26.2228086435312,0.528402857128548,5.01510127884835,-2.98606046985952,-22.4991998832496,-1.12308562756645,17.9501941009237,1.98319309617143,-0.0774978696538717
"",314.973644611736,749.313367494232,42.7606547206864,-3.21607339678567,-26.9010997669615,-149.08150426133,-1.45831867956269,102.317236472973,11.4328367474756,2.41550950973788,-11.3182308966647,-68.5383845327148,1.07590241079577,61.4658612883928,4.18737301432487,0.811568227238186,-6.98026401653684,-41.3886067720181,-6.4319447344194,39.4527511531928,3.80773371809375,5.99719749159326,-3.90859574793261,-36.3286966182799,-2.62522013582576,29.560333782509,9.8077962114123,-7.7970625393977,-1.72927884663356,-31.6027405828827,2.26518058426701,29.5877922356507,1.68679097906292,4.87777360594001,-2.51823582214257,-22.2327616817709,2.1570461400705,17.763353941034,2.89453180003024,-0.472282053143606,-7.51670340599846,-17.945480526722,-3.20799052660089,21.5648549501527,1.83336160661323,0.501576748622959
"",316.482139078267,755.179796103902,48.9544441122314,-4.56821599244552,-28.4344197242156,-153.317608538487,1.37997458841156,112.651916771654,13.5248648626961,-2.17141223948164,-8.45902210085625,-69.3132671976877,-2.61864293171952,61.4227279114225,4.42214403128924,-3.9943192236339,-6.90146606310334,-39.2781729004735,-2.70679569227209,33.5229481242985,12.2650703963029,-10.6140080237443,-5.3026631308954,-34.7726401568915,-0.960161603540049,30.1145900409311,2.7850835004141,-2.61334254328838,2.57285105255755,-31.3574737830712,-0.106666666666272,25.4531856922747,-0.408137207790426,-0.71526218887365,-2.55119545449725,-20.0836195575825,1.11335805837762,25.0778437328309,3.5090088036945,0.470276811745349,-3.15454314952333,-21.3241949326858,-1.50591628843812,22.2430847952825,-0.253205398569198,5.10190297239294
"",318.443181884758,754.075319553403,54.2506102150595,-0.791482526361638,-22.3405638309624,-153.227322996576,-3.94768732152948,105.737026638998,12.122512807453,-0.977215386791622,-9.85858384584225,-73.2779619462811,-1.1739945938831,60.3944721111834,9.21514853578421,-3.3490535225055,-3.45980740829141,-43.665404695792,6.40800377401562,31.3723314484696,3.65883227743281,8.47585159506961,-4.5704327149187,-30.9644716510583,-2.44831697337787,32.5163671607599,4.85978914659565,0.631298896770765,-1.35497022460528,-31.9305884474418,-1.0199792958662,25.8727924588428,2.78015462345607,0.922602768777279,-6.35820367360246,-24.651587325581,-3.36071185734957,20.4008604900327,0.33152340644653,0.930047515262224,-1.29639613050965,-18.5274712499919,-1.86482507585127,22.4800683565447,0.950599149554054,2.69679984282942
"",317.387235758186,751.9437128683,51.4373730441978,3.06484853167992,-21.3004189482981,-150.29005625595,0.128886172879207,109.2895622562,15.7125162183574,-4.15131858902271,-6.27702481541509,-70.0482347025259,-1.76003218680246,57.4808744896294,14.9036080674527,-3.28286243965392,-4.88231086144794,-41.434564461746,3.81127454322127,41.1581754809142,-2.57591516968375,-0.880120661380431,-0.95215595519837,-36.3781090615145,5.2290357811935,26.7890524903988,1.96623961693564,0.981408197683833,1.16607586578414,-30.7253992561255,2.05184725093367,25.5185203326823,-0.769019353354719,2.89850338264255,-2.68014115336785,-20.113752504006,2.96033209827905,24.2471957611636,2.86635368108109,-0.632090124489921,-1.99112189408246,-23.2176665929463,-0.56846896407604,21.3172340047966,0.0730764009031876,0.774978696539095
"",313.314300698551,743.283976570765,48.7814153433691,4.90615076418997,-14.8463992131389,-150.051073701812,-4.26172466526732,102.411703365573,9.57721885558698,2.87438241340004,-7.78970136496699,-68.0393639083639,-0.0469911556770188,50.8363310966223,15.8652314675277,0.471975196470509,-5.64956465651939,-45.1198483104458,7.73244995545235,41.4078224847596,0.991394764745764,-1.36672820510369,-1.68369114964904,-32.055530506711,-4.25728522059086,34.5486401083074,2.77686039330186,-1.29994626998393,-0.913873995405141,-28.701435759828,-2.25696572279931,30.7078553429026,-4.37973400428541,1.52860325262177,-7.64344641653501,-21.6421049409689,-4.51163470967086,23.7311035518658,1.09012538120814,0.64966963830596,-3.19936090056769,-21.3934896799595,4.38740228313815,15.9996672956933,6.16403253990039,-1.67103277197889
"",307.280322832426,753.990335631924,28.2978613677895,10.1800299276532,-34.3825337326003,-136.109199523683,-3.65714841695569,124.905535556533,5.93204081830528,7.12537924802607,-16.6361081465066,-68.1879952097905,-12.7305784578446,62.0450309806533,13.4827816468885,2.32760525990923,-2.9693762002912,-46.6048045046024,-6.72358998632923,52.9512310061512,2.49134086393218,-0.582023240510582,-5.32418719680192,-29.2813328502632,-4.19526810053896,36.5809130558549,2.57486353619038,-0.783915307059454,-2.52444443726208,-22.1209874831035,-6.5369243145323,29.8198767892447,3.85622915048135,-3.95397732075418,-1.47761257314931,-24.3872880695821,8.19656003475827,15.3043780435215,5.6200765014275,-1.78968253703206,-8.26801750984087,-15.0171694889631,-5.37922089305403,21.0151611314041,5.79347654216006,0.316979457163102
"tap",132.596663608101,899.591730280337,-30.6149124376025,88.1605782737111,-98.0897010462864,-20.6636245969711,-161.488134460578,109.467407418305,-0.801331415157934,34.8952190681233,9.02900578316535,-0.672653593302342,-52.4618622941422,16.6083302646037,17.8070723857066,-88.6070542128636,101.710815800046,-7.70412236521748,34.7169742702335,-41.6790211057698,104.999057454136,-201.23662713949,50.4133712487173,-10.3989676193889,73.1785631266732,-22.1702503368821,149.89721669437,-107.281495102923,-103.792575569795,22.5035347753886,-22.9201196095939,13.5334346883117,97.0757932877369,122.876572229347,-185.892889841956,36.9816636165015,-91.5768824040862,9.55941648256907,-64.264221980528,235.801829706152,-60.8731519976211,19.7054009374387,-42.561660364006,-13.9411458761909,-142.462340841371,62.1604281887427
"tap",136.669598667736,883.666930832679,31.1498911406069,-11.089107874061,16.9039472936437,-262.071540737246,193.851363918622,32.7126010258542,69.1673022904205,5.05533443949793,-19.5365317341622,-30.6536797979526,-111.647098455255,37.2091368625791,-29.0329076076959,-93.1444886297067,37.2181717136609,-41.5655971948492,169.490583136523,43.7282553860251,-6.17809381858517,233.850230803402,-84.3989368234238,-103.717598201281,-118.520241799535,55.0561216699229,-6.67285201642918,-247.369602282677,108.199232751025,52.7014672637838,-7.83516677079507,-7.28469722508499,-45.3089094228652,218.716397604512,-44.0573945161856,-51.7951434396159,96.9365860818162,76.9996559721529,92.6099623578449,-145.394387154901,-76.5598052305502,-45.2819936731998,-118.712425893902,-25.8569256200987,-112.396320280227,24.587788615929
"tap",146.323963253536,782.993369628421,77.9001642025231,-233.091068893505,40.9883769228398,-237.936100994069,-173.810886248433,233.088259595877,-76.9945647286445,-191.823962697256,-23.5136486568474,-185.638711089494,-121.389305807855,109.11499368978,-41.9103977960802,-219.184033417736,-61.8155844587071,-105.852556898015,-60.1806893945148,174.887415741963,-104.525288530261,-236.541339489107,47.6281027353811,27.9057836821289,52.8363368371956,87.9419930029639,-148.822294265358,-84.3844194829419,156.887408666949,8.25532038162792,-36.6110581862594,13.1650256555134,-139.266964970579,-43.1751455564997,79.4613420858226,-96.2996812132162,-108.086006323035,-21.2496785489588,-97.8284626696096,-48.882234255038,2.40184014966657,-66.9307958408982,-50.923861429794,21.5149800941516,-41.9959450565185,-46.8599656809744
"",348.462221768731,715.389120747573,57.2770189377102,4.27079556610458,-29.6365147196188,-151.409553131059,-21.8661010912743,91.6235477430809,20.6476062158767,29.1606573514862,-15.3325094246028,-61.7914386649783,-12.3346961643191,65.8883167750002,23.492955723847,5.23428513809575,-5.92058408707438,-40.3187513309932,-9.66858386156173,38.1263404157844,20.7796785252625,11.7340900462856,4.94029301871777,-42.0204976178277,-17.1378233466699,44.7100048460448,26.7477055317116,-2.90213770885285,-11.140776911754,-42.9907490288581,0.238513917600218,46.2606572005396,8.60645177989718,-0.959503780022239,-6.67606338852685,-21.3959163061289,4.16445451634683,28.9332752803253,8.36637410272245,-3.20949448264244,-0.344273859002996,-24.4184761122301,-3.5805364809099,30.4204326925093,0.22551543183934,0.150676931052972
"",345.445232835668,731.814310508485,59.643114252252,10.1314711176587,-31.1467718726772,-127.330530712342,-5.73851938739945,109.294663876372,17.6934536976655,-8.88039814479187,-15.0351341435921,-57.6884015250803,-10.4226935646923,62.9959533197163,3.29225303695355,-7.15178747613177,-4.22640131596346,-45.2162731629868,4.30436972043215,32.3933170062411,10.4512376075202,-12.3589269323584,-7.58697632803012,-29.2442736560281,0.49894685183643,26.9738045765395,3.114642319759,-5.38024172142135,-4.23289437598935,-28.0636609285299,3.72511847186671,21.8382281953509,3.01802960418488,-3.43888046401402,1.26049372829286,-23.1237684713027,3.42105163479219,22.4622113527935,1.09408692615008,1.05601671243908,-5.86914840572569,-15.5395193040664,1.2102145661274,19.7434639544201,-1.7116309338468,5.67398961212236
"",308.788817298957,747.404860224764,30.4561149508022,35.3770558243252,-43.5672613310687,-131.002071508065,-13.2109124543106,99.8405029353755,0.21901092892617,14.3658895040254,0.562520981877678,-58.3304292974261,-12.0053334542504,58.9830106549795,-2.20457804095134,-5.45547196025582,1.87832349276366,-38.9032675125491,10.6768031434247,31.5356396716512,0.851637855535021,8.72618779283796,-9.16195229713799,-33.4162994186099,-0.130019957289217,33.2553755053226,1.32880643429023,1.03137318264535,-5.06376192443524,-27.0192194677109,1.32074304120051,22.1628649838461,3.20744999639755,1.16468961732972,-3.66284558174463,-18.5158765048613,-2.25554597939366,19.0694523275828,2.36512927146497,-4.17420465706225,5.89725758107671,-20.0576924843543,-0.0582588654158348,19.9642168987317,0.159981115507633,1.1145717273068
"",252.52197369734,759.34416441893,10.6904771449661,51.2544763080042,7.38223292442512,-136.423178328317,-1.4578089435455,81.595221754785,19.8073322886366,-6.5063462373057,-6.18818599765405,-62.4661800110407,-11.3632653363429,51.6751218812019,-8.93694691267878,-4.55941788481602,-0.865277983271097,-36.0124199895169,6.05954955685985,42.1176220611881,-4.02645213137334,-3.15659115730205,7.65550726092989,-28.090250554826,2.58048944325308,22.1702503368818,0.0333979491943961,0.181580693174019,0.592555177888427,-24.0038008427423,-0.922930756532645,19.3836865827463,0.294822121209336,0.189859268363171,2.76129850117711,-17.4678175148568,0.508886255211834,19.6747154286302,-0.246164637233056,3.46128770204699,-2.46306752578831,-17.0678967042268,-0.226066931185034,15.155686775398,1.0626223433286,-1.69631551587601
"",193.087291716007,747.189238263811,-18.4736195219828,25.6600788443864,25.7940787110784,-127.121630636329,2.97003848625092,102.132149990278,-19.6863411204808,4.40529863246162,14.0492789086474,-69.845090118635,-4.76904970081442,49.8859477787201,-14.5045270471837,3.93943492758383,3.55340908073675,-30.9182653641431,-1.35320250352742,37.6912542393731,2.52928761434711,-0.43937788028453,-3.72095469399722,-28.0002979560057,3.58887455389482,26.2347962319768,2.91426166744799,-3.07275709020372,3.69057083437001,-24.3946836395259,2.13333333333393,21.2843923019344,-2.26273768449477,0.950657323315225,-4.49230108975417,-19.2643969802436,3.37963219896456,18.1564357151356,2.37067514807015,-1.185402547731,4.45381997238059,-20.8356102976628,2.72661563438587,15.2341185764726,-0.309535989366184,-0.929974435846871
"",150.698597206477,730.596678701779,-53.1743501052355,35.7733473636368,23.1175821738181,-133.164674737008,-1.86138972808063,99.5792151596623,-16.5918677671091,6.11382888188053,10.0400621520176,-68.0400980258799,3.12502836200575,53.8433669143983,-13.1587796239391,-9.63171930505695,11.6704446123754,-35.5445021251882,10.4750044821971,28.7768419097066,5.4668721956361,-2.11225457528216,14.2062346441129,-31.9390133991632,-0.0551600079875586,30.6688462993531,-7.66435613973319,-3.12995083693777,8.58577740044366,-22.2238483547957,2.73259029213391,28.6611325505331,-9.58428045580184,-1.89446504210278,1.18409383674635,-21.9505804063898,-2.09375057690105,29.9473916568125,-6.39733780070272,-2.60577512127173,-5.80344601264876,-17.2161412312705,0.286060824873405,19.2348356161767,3.1160891698337,-4.83117019476924
"",125.959287955364,751.210631158659,-81.7690150218222,1.83744830222906,18.929053673912,-137.51227408224,9.57949583636797,113.442745236417,-0.982429439321264,-4.02962952204939,-4.7356616124605,-64.7645970094624,-7.0332914352397,62.4346978376092,-7.99141209299756,-12.7778807707525,1.75692784297556,-38.1267695161704,3.11174821826352,36.5070815241467,0.0996135081802622,8.97548148279141,-8.66744095874517,-33.1375421667858,8.69088836415125,16.0734314942394,-0.575963619457296,4.54220519149851,14.6544222459988,-25.8880025386563,2.46295146066722,36.1856140088548,-6.78335530225842,-2.03087273754296,-5.83619732195106,-17.1188836898812,-6.43044597943523,11.1117772871441,3.84652810509464,5.4163533417828,4.30128340620501,-15.3536031465575,0.124478710126418,18.896350518618,-1.09791242638411,-2.00897616478404
"",109.064149930213,783.590908548873,-65.7094329401139,-19.1406060605576,-1.49691105897641,-154.388221252827,4.98639828185766,87.4143645041771,-15.0002725595546,5.56046634132303,18.4631497995496,-85.5784223319127,9.55706995430591,68.8687537514362,-17.047015514599,-10.3065865583374,15.0317600864624,-46.0876891910691,-2.49186978954462,43.2748421998081,-9.12841851135068,-6.78173077294889,20.5019409658494,-23.8622782008764,-8.95082806232725,35.6571526251515,9.12187520061219,3.16645381338688,12.4334008738696,-33.0294463690589,2.52520128840067,39.0168388337743,0.981182896826813,0.621011160527407,0.411875285274745,-26.2551876458717,11.8652635774228,24.8612100854322,-4.70993159745888,-3.54496026881241,0.0958436123492902,-27.1323327369304,4.65894351346549,17.4853877680861,-5.20760686970877,-3.28553160994603
"",106.49970933711,801.535931805713,-42.0500068445441,7.09131546873779,25.0898438382121,-171.385610656842,-5.30964791432501,130.250399880146,-7.89649694063251,-5.50277408160002,-3.90042047554493,-70.5043778099131,11.550821935471,56.2019316974007,-13.5412978596178,-6.46993224430415,13.661254482673,-42.1608444515905,-13.9186595893771,42.4332370288931,1.9552107533933,5.54065259798158,-4.53794393529635,-35.5445564766926,-4.76269997031894,32.7011192469006,-5.96872852354485,-2.74644115163651,4.35930926055502,-25.6511469538066,1.92000000000071,22.423308402323,-4.6705427566006,1.47249279676185,1.99038693283379,-26.1284769000534,-3.031121200092,25.3359651209794,-7.28912175299314,-0.581860072551015,0.137350400854338,-15.6058173065565,2.87239641481065,18.8080390091642,-1.15552163396661,0.48760079152811
"",110.723493843398,800.004726037753,-40.9425613763821,-10.681568232091,21.9815106504915,-149.827299419906,7.57505696378802,101.845657691291,-14.822251331531,4.0900395370666,4.24517974991238,-69.7221059617445,-3.22652752657587,65.626686939029,-13.9038039581436,5.62876246491236,9.68737988739379,-36.0545681522879,-15.7008908092007,36.5974370608828,-12.7525322904347,2.35169828860193,16.2525121659224,-33.9845747559207,2.29980050768341,32.7011192469006,-3.90060727028505,-1.05440595907444,8.83426675060003,-26.7917100005583,6.53552104866718,22.3350838148865,-2.63787646080293,0.452249818034781,3.15146647593142,-23.4553604291916,3.16873065932086,21.9975292628193,-1.76280323024158,4.71406788639521,4.96720183217736,-20.089366289791,-5.29679128623428,23.9666045014606,-2.41826333496849,-1.84864208489133
"",101.974225937516,797.145631639853,-28.1825593630288,-5.98582705952495,11.13788493595,-152.798271481301,-3.48393226502412,123.433251541044,-6.5266288210735,0.378710969710377,1.71610187035699,-69.4121674036555,5.12197094172914,66.060702998861,-16.7310291305392,14.4445947344752,10.632344963638,-37.9043506758232,9.53852610402109,38.1450958001142,-3.6905280570549,-15.2502470891771,1.4032759498548,-38.8438240005422,-4.44189450589684,39.3521943479651,-4.21738753453086,-0.12486878796612,6.26936424980805,-27.5880377978325,-1.46220841946591,26.1295693692681,-1.39204760214839,-0.321814010950514,5.30934861073434,-23.8870615930355,-5.09507628487183,21.4194465131597,2.65896446254847,-7.95110235330444,3.26714396768926,-24.0514399873041,1.36792677210504,23.3452140225907,-1.39380279768754,-3.40990626477184
"",112.231988309929,793.641277877519,-26.4953603743266,-0.823719204406688,7.41837489318846,-170.770411532148,5.67095305183151,110.679657052595,-11.1562820205187,-0.664568028234977,11.950772151334,-70.3961133375574,-3.12095894499098,61.9999083604573,-19.3380479634176,6.18954231783942,11.7114879233577,-46.7482073168032,13.660034175614,51.3595781441181,7.2860748480606,6.14035187208412,-1.60634683489277,-33.0080711640879,1.37466880948881,34.5486401083074,-3.36160736560806,3.62626003784307,-0.37378384973282,-26.3998513098926,-5.22439613479909,25.9063577296252,0.5523071266089,-3.57528931608402,-1.86436539836229,-22.0359872703658,1.66296390787982,24.9022067402734,-4.02912342939389,6.90176192222114,-0.871270635065708,-20.6160743657579,-0.570850117359003,17.5031271535156,-0.214648300281575,-0.94128122264924
"",115.852375029604,795.429326533034,-25.1909973825073,0.284785151800524,18.147594583872,-161.915848944474,-6.73449064248134,116.945364418297,-5.67064923846022,-2.05789597953811,4.5996506983346,-83.8748856284112,-2.68830297040663,58.2190279689784,-18.6183654549264,-1.99931901594481,4.72000697926143,-50.9741829279638,-0.393431050265706,45.5560942343235,0.400519807899976,4.94900204065913,7.3345829665399,-39.8421749733368,8.08021897799209,30.6688462993531,1.78815895292889,1.56020535893762,3.60367391195604,-28.5307564163806,-4.16961812733269,30.2244562529231,0.30227992793016,2.38131601466176,-6.05000565256241,-23.8550918019438,-3.5332256503525,27.1578554849355,1.25323392995003,-0.0382329783034093,-4.29950273979885,-20.659178080028,-3.53157984020741,22.6023594684814,-1.38567145238829,-0.39447732681695
"",124.149094595526,791.25701860355,-30.7573287983672,-2.47891859357408,14.5362686750023,-164.195950783853,1.97460884752516,114.148829651132,-11.1964940123434,-4.66146759198958,4.39220924408051,-72.5989329964038,-0.917473080906441,55.1436400846727,-8.81955084950349,-3.14616146569608,3.20338516362687,-46.3564641687262,3.27532736796291,35.6669299459416,1.33331407949294,1.15141004091345,-0.0677326559172537,-35.2165511732194,-0.142699399773951,30.6688462993531,-2.52428955191871,0.012178978221381,8.62884959566722,-31.1605567278535,-4.260722337066,34.2219570557483,-6.15473478058868,3.12590865639881,1.66223489150278,-28.1797473438337,0.5434092983026,22.1158670506699,-1.6123322287121,-3.77874058595967,3.1218273714131,-19.7027571962793,-5.72707185569646,23.72859588253,-3.87758545371718,2.82219402998512
